epoch,W1_1_1,W1_1_2,W1_1_3,W1_1_4,W1_1_5,W1_1_6,W1_1_7,W1_1_8,W1_1_9,W1_1_10,W1_1_11,W1_1_12,W1_1_13,W1_1_14,W1_1_15,W1_1_16,W1_1_17,W1_1_18,W1_1_19,W1_1_20,W1_1_21,W1_1_22,W1_1_23,W1_1_24,W1_1_25,W1_1_26,W1_1_27,W1_1_28,W1_1_29,W1_1_30,W1_1_31,W1_1_32,W1_1_33,W1_1_34,W1_1_35,W1_1_36,W1_1_37,W1_1_38,W1_1_39,W1_1_40,W1_1_41,W1_1_42,b1_1,Wout_1_1,bout_1,training_acc,testing_acc
0,0.26021575927734375,-0.13180764019489288,-0.14441190659999847,-0.3214718699455261,0.3091869354248047,-0.2461809366941452,-0.16184063255786896,-0.10737845301628113,0.031046152114868164,-0.3173202574253082,-0.3178930878639221,0.2733996510505676,0.0441226065158844,-0.36656442284584045,-0.3234790861606598,-0.001685023307800293,-0.1502351611852646,0.23118042945861816,0.1184120774269104,-0.013789474964141846,-0.26020509004592896,0.0679980218410492,-0.12370987236499786,-0.25762608647346497,-0.19013972580432892,-0.26935863494873047,0.3637900948524475,0.30114471912384033,-0.2598295211791992,-0.3563717007637024,0.21988004446029663,0.12568485736846924,0.1959913969039917,0.34169644117355347,0.23426759243011475,-0.21828323602676392,0.27338868379592896,-0.2977743148803711,-0.20433059334754944,-0.3498408794403076,-0.23449797928333282,-0.05218750238418579,1.0,1.2065709829330444,1.0,0.5002368,0.4970688
1,-2.184788227081299,1.1355701684951782,0.40426844358444214,-1.7655768394470215,3.291090488433838,1.45352303981781,1.5031198263168335,1.946595311164856,-1.5926324129104614,0.35671868920326233,2.6680612564086914,-0.4786980152130127,-3.207477331161499,1.19826078414917,2.4872994422912598,0.7072386741638184,-0.18021824955940247,0.5104852914810181,0.5310665965080261,0.531735360622406,-1.2164779901504517,1.8430184125900269,-1.3695683479309082,-0.31594112515449524,1.5375866889953613,-3.9245457649230957,-1.7598575353622437,-1.3461172580718994,-2.369063138961792,1.266485333442688,-0.012645374052226543,-2.477935791015625,0.2566606104373932,3.4516921043395996,-1.1972501277923584,-3.1342668533325195,-1.0763771533966064,-0.2912483513355255,-0.8949142694473267,-0.6508854031562805,-0.5586475729942322,0.2724718451499939,0.468055784702301,2.29083251953125,-1.1140694618225098,0.61817867,0.6133909
2,-3.4062857627868652,1.6465113162994385,0.792996883392334,-2.6236510276794434,4.130252361297607,2.0164129734039307,1.8368757963180542,2.3444578647613525,-1.9249730110168457,0.5194479823112488,3.8198397159576416,-1.1281548738479614,-4.469698905944824,1.6054482460021973,2.981729030609131,1.10084867477417,-0.20558199286460876,0.33445078134536743,0.3920400142669678,0.7578262686729431,-1.7279547452926636,2.9200639724731445,-1.8417258262634277,-0.5079107880592346,2.306973457336426,-4.810826778411865,-2.160327196121216,-1.661497950553894,-2.898855209350586,1.7497638463974,0.051266975700855255,-3.5632271766662598,0.8054943084716797,4.766914367675781,-1.5977474451065063,-3.724809169769287,-1.336181879043579,-0.27444374561309814,-0.8572139739990234,-0.4368208646774292,-0.4806117117404938,0.4911026954650879,0.38563165068626404,2.139112949371338,-1.1490881443023682,0.622641,0.6177106
3,-4.130471229553223,1.986920714378357,1.0685558319091797,-3.1660690307617188,4.559708118438721,2.392918109893799,2.011026382446289,2.521338939666748,-2.0705337524414062,0.5858680605888367,4.454745292663574,-1.535193681716919,-5.052779197692871,1.844342827796936,3.2304017543792725,1.3382395505905151,-0.22818027436733246,0.17274992167949677,0.37162333726882935,0.9360755681991577,-2.0907156467437744,3.5297467708587646,-2.1379830837249756,-0.6477263569831848,2.759979009628296,-5.252895355224609,-2.414715051651001,-1.8363505601882935,-3.1824324131011963,1.9507110118865967,0.1063108965754509,-4.155949115753174,1.09407639503479,5.401547431945801,-1.8322837352752686,-4.036526679992676,-1.4998455047607422,-0.2582492530345917,-0.834889829158783,-0.37117019295692444,-0.4729965031147003,0.6287911534309387,0.35297566652297974,2.0665862560272217,-1.1511226892471313,0.6247351,0.61616784
4,-4.630334377288818,2.2394628524780273,1.2865418195724487,-3.5655410289764404,4.833761215209961,2.677253484725952,2.126514434814453,2.620151996612549,-2.173154830932617,0.6202718615531921,4.8742594718933105,-1.8339664936065674,-5.40067195892334,2.006303548812866,3.3935792446136475,1.5048468112945557,-0.2477797567844391,0.036854080855846405,0.3811875283718109,1.0927594900131226,-2.375049591064453,3.939208745956421,-2.350891351699829,-0.7598005533218384,3.078033924102783,-5.533568382263184,-2.597313404083252,-1.9529410600662231,-3.3615639209747314,2.0785739421844482,0.15039710700511932,-4.541797637939453,1.2859675884246826,5.792466640472412,-1.9906539916992188,-4.244701385498047,-1.6204460859298706,-0.24205583333969116,-0.8200224041938782,-0.34723055362701416,-0.48321032524108887,0.7330194711685181,0.33761709928512573,2.021973133087158,-1.1480785608291626,0.6259816,0.6152422
5,-5.000056266784668,2.436391830444336,1.4683189392089844,-3.879715919494629,5.026719093322754,2.904388189315796,2.211984872817993,2.6819405555725098,-2.256411075592041,0.6418998837471008,5.177164554595947,-2.0680994987487793,-5.633821964263916,2.1251673698425293,3.5117838382720947,1.6297603845596313,-0.26488053798675537,-0.0793546512722969,0.39852386713027954,1.2330801486968994,-2.6069865226745605,4.237645149230957,-2.5147864818573,-0.8540910482406616,3.3196518421173096,-5.731942176818848,-2.7379555702209473,-2.037571907043457,-3.484633445739746,2.1730480194091797,0.18394097685813904,-4.81661319732666,1.4271373748779297,6.0621514320373535,-2.105973720550537,-4.39792537689209,-1.7151706218719482,-0.22597450017929077,-0.80865877866745,-0.3378746807575226,-0.49708735942840576,0.8168168663978577,0.3303634822368622,1.9909812211990356,-1.1441171169281006,0.62610626,0.6158593
6,-5.285121917724609,2.5946335792541504,1.624365210533142,-4.136524200439453,5.170550346374512,3.091881036758423,2.279538631439209,2.72347092628479,-2.3271255493164062,0.6576210856437683,5.407360553741455,-2.2584567070007324,-5.8010573387146,2.217027187347412,3.602179765701294,1.726729154586792,-0.27995675802230835,-0.18048346042633057,0.41688793897628784,1.359598994255066,-2.8003878593444824,4.466104507446289,-2.6460745334625244,-0.9355173707008362,3.511956214904785,-5.8810930252075195,-2.8512120246887207,-2.102325201034546,-3.573657512664795,2.247415065765381,0.2090950608253479,-5.02308464050293,1.5370057821273804,6.261056900024414,-2.1940534114837646,-4.517061710357666,-1.7920349836349487,-0.21008433401584625,-0.799559473991394,-0.3343808352947235,-0.510712742805481,0.8861711621284485,0.3272801637649536,1.96793532371521,-1.1401764154434204,0.62655497,0.61678493
7,-5.511131763458252,2.7244064807891846,1.7607063055038452,-4.351795196533203,5.282065391540527,3.2500126361846924,2.3351306915283203,2.753000020980835,-2.388302803039551,0.6703068614006042,5.588292121887207,-2.4170124530792236,-5.926604270935059,2.290598154067993,3.6737332344055176,1.8036158084869385,-0.2933836877346039,-0.26958027482032776,0.4340691864490509,1.4741530418395996,-2.963930368423462,4.6467719078063965,-2.753927230834961,-1.0069801807403564,3.6697800159454346,-5.997928619384766,-2.945176124572754,-2.153704881668091,-3.6403281688690186,2.3078997135162354,0.22791717946529388,-5.183953285217285,1.62565016746521,6.414477348327637,-2.2635915279388428,-4.612951755523682,-1.8556746244430542,-0.19443455338478088,-0.7921664118766785,-0.3334326446056366,-0.5230345726013184,0.9445836544036865,0.3264123201370239,1.9500200748443604,-1.1365140676498413,0.6269289,0.6170935
8,-5.694037914276123,2.8325212001800537,1.8812376260757446,-4.535571575164795,5.370967864990234,3.385415554046631,2.382176160812378,2.774881362915039,-2.441725969314575,0.6812828183174133,5.733941078186035,-2.551398992538452,-6.024039268493652,2.3510420322418213,3.731776475906372,1.865510106086731,-0.3054630756378174,-0.34874218702316284,0.44940608739852905,1.578176498413086,-3.1036150455474854,4.792970657348633,-2.8440892696380615,-1.0703684091567993,3.8021697998046875,-6.092144012451172,-3.0247344970703125,-2.195556163787842,-3.6916322708129883,2.358076333999634,0.24202746152877808,-5.312547206878662,1.6990593671798706,6.536623001098633,-2.3198440074920654,-4.691948413848877,-1.9091161489486694,-0.17904311418533325,-0.7861434817314148,-0.3336222171783447,-0.5338600873947144,0.994338870048523,0.32676103711128235,1.935660719871521,-1.1331857442855835,0.6270037,0.617402
9,-5.844348430633545,2.9236364364624023,1.9887467622756958,-4.694567680358887,5.443274021148682,3.502648115158081,2.4226553440093994,2.7917370796203613,-2.4885826110839844,0.6912122964859009,5.853209495544434,-2.6667373180389404,-6.1015472412109375,2.4016664028167725,3.7797048091888428,1.9158755540847778,-0.31642088294029236,-0.41950488090515137,0.4628414809703827,1.6728514432907104,-3.2238426208496094,4.91334342956543,-2.9204154014587402,-1.1270495653152466,3.915036201477051,-6.169795989990234,-3.093170404434204,-2.230358123779297,-3.731961488723755,2.400261878967285,0.25264620780944824,-5.417412757873535,1.7610208988189697,6.636257171630859,-2.366173505783081,-4.7582292556762695,-1.9544779062271118,-0.16392458975315094,-0.7812299728393555,-0.334297776222229,-0.5432953238487244,1.0370920896530151,0.3277629315853119,1.9238934516906738,-1.130186676979065,0.627253,0.617402
10,-5.969462871551514,3.001164197921753,2.0852363109588623,-4.8335041999816895,5.503139972686768,3.605050802230835,2.4578869342803955,2.8051300048828125,-2.529874086380005,0.7004310488700867,5.952285289764404,-2.766719102859497,-6.1645402908325195,2.4446945190429688,3.8198630809783936,1.9572561979293823,-0.3264341354370117,-0.48304060101509094,0.4744911193847656,1.7591869831085205,-3.327908992767334,5.013797760009766,-2.9857048988342285,-1.1780204772949219,4.0124430656433105,-6.234889984130859,-3.152670383453369,-2.2596917152404785,-3.764202833175659,2.436105966567993,0.2606613039970398,-5.504261016845703,1.814094066619873,6.719059944152832,-2.404967784881592,-4.81450891494751,-1.9932993650436401,-0.1490822732448578,-0.7772223353385925,-0.33516526222229004,-0.5514966249465942,1.0740641355514526,0.3290863037109375,1.914075493812561,-1.1274977922439575,0.6274026,0.61678493
11,-6.074538707733154,3.067676305770874,2.1722824573516846,-4.9558844566345215,5.553346633911133,3.69514536857605,2.4887821674346924,2.816035032272339,-2.5663821697235107,0.7091246843338013,6.035488605499268,-2.85412859916687,-6.216587066650391,2.481645345687866,3.8539130687713623,1.9915144443511963,-0.3356412649154663,-0.5402827858924866,0.48458197712898254,1.8380157947540283,-3.4184374809265137,5.098450660705566,-3.041983127593994,-1.224045753479004,4.097321033477783,-6.290203094482422,-3.2048985958099365,-2.28474497795105,-3.7903850078582764,2.4668121337890625,0.2667210102081299,-5.577064514160156,1.860087513923645,6.788896560668945,-2.4377784729003906,-4.862824440002441,-2.026751756668091,-0.1345149129629135,-0.7739631533622742,-0.3360704779624939,-0.558633029460907,1.1062144041061401,0.3305453062057495,1.9057719707489014,-1.1250851154327393,0.6275023,0.61678493
12,-6.1635355949401855,3.1250979900360107,2.251103162765503,-5.06439208984375,5.595944881439209,3.7748379707336426,2.516056776046753,2.8251500129699707,-2.598778247833252,0.7173861861228943,6.105951309204102,-2.930992603302002,-6.260175704956055,2.513683557510376,3.883035659790039,2.0200295448303223,-0.3441634178161621,-0.5919968485832214,0.4933185577392578,1.910057783126831,-3.497525453567505,5.170456409454346,-3.0908212661743164,-1.2657874822616577,4.171919822692871,-6.337702751159668,-3.2510645389556885,-2.3063602447509766,-3.81189227104187,2.493278741836548,0.27130645513534546,-5.638754367828369,1.9003249406814575,6.848478317260742,-2.4658191204071045,-4.904623031616211,-2.0557093620300293,-0.12022513151168823,-0.7713192105293274,-0.33694136142730713,-0.5648655891418457,1.1342830657958984,0.33205142617225647,1.8986666202545166,-1.1229233741760254,0.6276768,0.6170935
13,-6.239400863647461,3.17492413520813,2.322718620300293,-5.1611647605896,5.632368087768555,3.845642566680908,2.5402588844299316,2.8329010009765625,-2.6275763511657715,0.7252448797225952,6.166140556335449,-2.998962640762329,-6.297108173370361,2.5416619777679443,3.9081854820251465,2.0439016819000244,-0.3520973026752472,-0.6388064026832581,0.500892698764801,1.9759697914123535,-3.5668420791625977,5.232187747955322,-3.133423089981079,-1.3037127256393433,4.23787784576416,-6.378808975219727,-3.292113780975342,-2.3251373767852783,-3.8298068046569824,2.516233205795288,0.2747761011123657,-5.6914849281311035,1.9358091354370117,6.899783611297607,-2.4900062084198,-4.941019058227539,-2.0809268951416016,-0.10620947182178497,-0.7691643834114075,-0.33773866295814514,-0.5703185200691223,1.1589041948318481,0.3335382342338562,1.892536997795105,-1.1209858655929565,0.62760204,0.61678493
14,-6.3044514656066895,3.2184081077575684,2.3879332542419434,-5.247737407684326,5.663735866546631,3.9088046550750732,2.5617780685424805,2.8395988941192627,-2.6532459259033203,0.7327381372451782,6.217832565307617,-3.059325933456421,-6.3287200927734375,2.566256284713745,3.9300003051757812,2.0639591217041016,-0.35951727628707886,-0.6812587976455688,0.507477343082428,2.0363147258758545,-3.6278374195098877,5.285404682159424,-3.1707570552825928,-1.3382666110992432,4.296468734741211,-6.4146809577941895,-3.328829288482666,-2.341552495956421,-3.8448262214660645,2.5362346172332764,0.2773955166339874,-5.736777305603027,1.967329502105713,6.944277286529541,-2.5109713077545166,-4.9729509353637695,-2.102994680404663,-0.09246489405632019,-0.7674331068992615,-0.3384530246257782,-0.5751155018806458,1.1805672645568848,0.3349817991256714,1.8872054815292358,-1.1192455291748047,0.6276519,0.6164764
15,-6.360512733459473,3.2564713954925537,2.447474956512451,-5.325489521026611,5.691013813018799,3.9653398990631104,2.5809524059295654,2.845463275909424,-2.6761741638183594,0.739871084690094,6.262497425079346,-3.1131553649902344,-6.355999946594238,2.587930202484131,3.949052572250366,2.0808815956115723,-0.36648720502853394,-0.7198253273963928,0.5132042169570923,2.091601848602295,-3.6816158294677734,5.331484317779541,-3.2036101818084717,-1.369802474975586,4.348805904388428,-6.446135997772217,-3.361757278442383,-2.35599422454834,-3.8575615882873535,2.553724765777588,0.2793370187282562,-5.776066303253174,1.9954293966293335,6.983224391937256,-2.5292880535125732,-5.001016139984131,-2.1223273277282715,-0.07899011671543121,-0.7660370469093323,-0.33908310532569885,-0.5793485045433044,1.199678897857666,0.33635014295578003,1.8825390338897705,-1.1176809072494507,0.6278264,0.61616784
16,-6.40898323059082,3.289940357208252,2.5019009113311768,-5.39555549621582,5.714733123779297,4.016125202178955,2.598099946975708,2.8506031036376953,-2.6966729164123535,0.7466509342193604,6.301279544830322,-3.1612987518310547,-6.379680156707764,2.607144355773926,3.9658267498016357,2.0952036380767822,-0.37306296825408936,-0.7548914551734924,0.518216073513031,2.1422667503356934,-3.7291760444641113,5.37160062789917,-3.2326526641845703,-1.398633360862732,4.395705699920654,-6.473909378051758,-3.3913633823394775,-2.3687496185302734,-3.8684537410736084,2.569103956222534,0.2807682454586029,-5.8102240562438965,2.0206010341644287,7.017425537109375,-2.545349597930908,-5.025758266448975,-2.139331579208374,-0.0657813623547554,-0.7649288773536682,-0.3396429717540741,-0.5830916166305542,1.216589331626892,0.33760830760002136,1.8784334659576416,-1.1162728071212769,0.62797594,0.61616784
17,-6.451094627380371,3.3194689750671387,2.5517325401306152,-5.458913803100586,5.7355570793151855,4.061767578125,2.613424301147461,2.855231285095215,-2.7150485515594482,0.7530754208564758,6.335103988647461,-3.2044808864593506,-6.400399684906006,2.624251127243042,3.980647563934326,2.1073503494262695,-0.37929269671440125,-0.786818265914917,0.5225943326950073,2.188673496246338,-3.7713489532470703,5.406650543212891,-3.2584030628204346,-1.4250292778015137,4.4378767013549805,-6.498479843139648,-3.418113946914673,-2.3800549507141113,-3.877803325653076,2.58266282081604,0.28180938959121704,-5.8401336669921875,2.043241500854492,7.047667026519775,-2.5595309734344482,-5.047784328460693,-2.1543128490448,-0.05283672735095024,-0.7640413045883179,-0.34012138843536377,-0.5864078402519226,1.2315900325775146,0.33879926800727844,1.8748031854629517,-1.1150023937225342,0.62797594,0.6158593
18,-6.4878034591674805,3.345590353012085,2.597431182861328,-5.516242027282715,5.753895282745361,4.102886199951172,2.627168893814087,2.8593690395355225,-2.7315666675567627,0.7591463327407837,6.364720821380615,-3.243263006210327,-6.4186272621154785,2.639488935470581,3.993835926055908,2.117692708969116,-0.385207861661911,-0.8159100413322449,0.5264344811439514,2.231231689453125,-3.808793544769287,5.437435626983643,-3.2812628746032715,-1.449233055114746,4.475912094116211,-6.520322322845459,-3.442304849624634,-2.3901352882385254,-3.8859245777130127,2.594649314880371,0.28253278136253357,-5.866409778594971,2.063666820526123,7.074479103088379,-2.5720903873443604,-5.067318916320801,-2.167565107345581,-0.04015365242958069,-0.7633447051048279,-0.3405298888683319,-0.5893580913543701,1.244924545288086,0.33990368247032166,1.8715771436691284,-1.1138583421707153,0.6279012,0.6158593
19,-6.5198445320129395,3.3687961101531982,2.6393585205078125,-5.568253517150879,5.770059108734131,4.140087127685547,2.6395010948181152,2.8630807399749756,-2.746405839920044,0.7648783922195435,6.390722274780273,-3.278212785720825,-6.4347124099731445,2.6531155109405518,4.005538463592529,2.1265199184417725,-0.3908490836620331,-0.8424534201622009,0.5297973155975342,2.2702691555023193,-3.84209942817688,5.4644951820373535,-3.3016648292541504,-1.4714210033416748,4.510305881500244,-6.539859294891357,-3.4642348289489746,-2.3991446495056152,-3.8929824829101562,2.60528564453125,0.28301700949668884,-5.889530181884766,2.0821475982666016,7.098318099975586,-2.5832531452178955,-5.084755897521973,-2.179293632507324,-0.027728861197829247,-0.762805700302124,-0.3408862352371216,-0.5919925570487976,1.2568010091781616,0.34092193841934204,1.8687020540237427,-1.112823486328125,0.62797594,0.61616784
20,-6.547989368438721,3.3894083499908447,2.677868604660034,-5.61552095413208,5.7843918800354,4.173676490783691,2.650592565536499,2.8664681911468506,-2.759772539138794,0.7702916860580444,6.4136152267456055,-3.309736728668213,-6.448986530303955,2.6653411388397217,4.015955924987793,2.1340537071228027,-0.3962465822696686,-0.8666698932647705,0.5327720046043396,2.306096076965332,-3.871814012527466,5.488317489624023,-3.3198344707489014,-1.4917875528335571,4.54144287109375,-6.557238578796387,-3.484163999557495,-2.407238483428955,-3.899165391921997,2.6147422790527344,0.2833245098590851,-5.910009384155273,2.098921060562134,7.119559288024902,-2.5931873321533203,-5.100322723388672,-2.1896917819976807,-0.015559745021164417,-0.7623838782310486,-0.34117233753204346,-0.5943400263786316,1.2673836946487427,0.3418763279914856,1.866139531135559,-1.1118863821029663,0.62805074,0.6158593
21,-6.572694301605225,3.407778024673462,2.7132842540740967,-5.6585187911987305,5.797104835510254,4.204148292541504,2.66056489944458,2.869520664215088,-2.7718214988708496,0.7753742337226868,6.433857440948486,-3.338259696960449,-6.461672782897949,2.67630672454834,4.025326251983643,2.140515089035034,-0.4014231860637665,-0.8887944221496582,0.5354015827178955,2.338956832885742,-3.8983514308929443,5.509462356567383,-3.336120128631592,-1.5105100870132446,4.569699764251709,-6.572866916656494,-3.502291202545166,-2.4144809246063232,-3.9046125411987305,2.6231870651245117,0.28348156809806824,-5.92818021774292,2.1141419410705566,7.1385602951049805,-2.602064847946167,-5.1142401695251465,-2.1989474296569824,-0.0036438098177313805,-0.7620688080787659,-0.3414156138896942,-0.5964473485946655,1.2768597602844238,0.3427535891532898,1.8638404607772827,-1.1110384464263916,0.62805074,0.6158593
22,-6.594449043273926,3.4242115020751953,2.745863676071167,-5.697746276855469,5.808492660522461,4.231805801391602,2.6695711612701416,2.872302770614624,-2.7827377319335938,0.7801464796066284,6.45176887512207,-3.364086627960205,-6.472991466522217,2.6861724853515625,4.033734321594238,2.146042585372925,-0.4064030647277832,-0.909012496471405,0.5377222895622253,2.369093656539917,-3.922077178955078,5.528131484985352,-3.350701093673706,-1.5277122259140015,4.595388412475586,-6.586885929107666,-3.5188186168670654,-2.4210000038146973,-3.9094293117523193,2.630730152130127,0.2835332155227661,-5.944350719451904,2.1280055046081543,7.155635833740234,-2.6100213527679443,-5.126758098602295,-2.2071590423583984,0.008021974004805088,-0.761845052242279,-0.3416135013103485,-0.5983456373214722,1.2853327989578247,0.3435612916946411,1.8617717027664185,-1.1102701425552368,0.6280009,0.61616784
23,-6.613617897033691,3.4389073848724365,2.7758684158325195,-5.733521461486816,5.818638801574707,4.256919860839844,2.677692174911499,2.8748409748077393,-2.7925820350646973,0.7846240997314453,6.467649459838867,-3.38750958442688,-6.483126163482666,2.6950435638427734,4.041294097900391,2.1507885456085205,-0.41119804978370667,-0.9274897575378418,0.5397799611091614,2.396777868270874,-3.9433438777923584,5.5447773933410645,-3.363819122314453,-1.5435324907302856,4.61877965927124,-6.599533557891846,-3.5338785648345947,-2.4268672466278076,-3.9137156009674072,2.6374993324279785,0.28349587321281433,-5.958751678466797,2.140655517578125,7.170975685119629,-2.6171720027923584,-5.137994766235352,-2.2145116329193115,0.01944039762020111,-0.7616926431655884,-0.3417752981185913,-0.6000556349754333,1.2929389476776123,0.3442997336387634,1.859910249710083,-1.1095733642578125,0.62797594,0.61616784
24,-6.630533695220947,3.45207142829895,2.803499221801758,-5.7662177085876465,5.827678680419922,4.279789924621582,2.685019016265869,2.8771591186523438,-2.8014845848083496,0.7888070344924927,6.48179292678833,-3.4087672233581543,-6.4922051429748535,2.7030506134033203,4.048168659210205,2.1548521518707275,-0.41583436727523804,-0.9443938732147217,0.5415997505187988,2.422153949737549,-3.9624345302581787,5.559539794921875,-3.375576972961426,-1.5581084489822388,4.640052318572998,-6.610889911651611,-3.547665596008301,-2.432142734527588,-3.9174883365631104,2.6435489654541016,0.2833768129348755,-5.971593379974365,2.1522016525268555,7.184826374053955,-2.623596668243408,-5.148188591003418,-2.2210936546325684,0.030613703653216362,-0.7615907788276672,-0.3419085741043091,-0.6015946269035339,1.2997498512268066,0.3449569344520569,1.858231782913208,-1.1089369058609009,0.62812555,0.6158593
25,-6.6455397605896,3.4638919830322266,2.8289451599121094,-5.7960662841796875,5.835808753967285,4.300549030303955,2.69161057472229,2.8792665004730225,-2.809537410736084,0.7927262187004089,6.494377136230469,-3.4280662536621094,-6.500356674194336,2.710301637649536,4.0543532371521,2.158355474472046,-0.42031940817832947,-0.9598570466041565,0.5432126522064209,2.445435047149658,-3.979579448699951,5.572706699371338,-3.3861708641052246,-1.5715179443359375,4.659506320953369,-6.6211748123168945,-3.5602591037750244,-2.436939001083374,-3.920858383178711,2.6489977836608887,0.28320610523223877,-5.983105659484863,2.16275691986084,7.19727087020874,-2.629382848739624,-5.157327175140381,-2.2269513607025146,0.04154570400714874,-0.7615413069725037,-0.3420065939426422,-0.6029883027076721,1.305869460105896,0.34557387232780457,1.8567163944244385,-1.1083605289459229,0.62807566,0.6158593
26,-6.658841133117676,3.474534273147583,2.8523995876312256,-5.823413848876953,5.8431243896484375,4.3194475173950195,2.6975746154785156,2.881181240081787,-2.816838264465332,0.7963747978210449,6.505621433258057,-3.4456071853637695,-6.507705211639404,2.7168548107147217,4.05998420715332,2.161377191543579,-0.4246709942817688,-0.974012017250061,0.5446476340293884,2.466820240020752,-3.9949865341186523,5.584418773651123,-3.3957293033599854,-1.5838736295700073,4.6772661209106445,-6.6304731369018555,-3.571777105331421,-2.4412806034088135,-3.9238948822021484,2.6538891792297363,0.28300416469573975,-5.9934210777282715,2.1724019050598145,7.208559989929199,-2.634615659713745,-5.165585994720459,-2.2321951389312744,0.05223952606320381,-0.761517345905304,-0.3420783579349518,-0.6042498350143433,1.3113689422607422,0.3461417257785797,1.855345368385315,-1.107832908630371,0.62815046,0.6164764
27,-6.670644283294678,3.484099864959717,2.8740029335021973,-5.848458766937256,5.849676132202148,4.336694240570068,2.7029964923858643,2.8829779624938965,-2.823482036590576,0.7998001575469971,6.515660762786865,-3.461578607559204,-6.514345169067383,2.7227888107299805,4.06504487991333,2.1639633178710938,-0.4288993775844574,-0.986966073513031,0.5459330677986145,2.4864604473114014,-4.008882522583008,5.594972610473633,-3.4043374061584473,-1.5952390432357788,4.69345235824585,-6.638899803161621,-3.582324504852295,-2.4452097415924072,-3.9265780448913574,2.658282518386841,0.28276345133781433,-6.002622127532959,2.1812405586242676,7.218723297119141,-2.639324903488159,-5.173051834106445,-2.2368996143341064,0.06269749253988266,-0.7615228295326233,-0.3421289622783661,-0.6053889393806458,1.3163260221481323,0.34667158126831055,1.8540983200073242,-1.107356071472168,0.6283001,0.61616784
28,-6.681122303009033,3.492738962173462,2.8939356803894043,-5.871362209320068,5.855624198913574,4.3523688316345215,2.707902669906616,2.8846070766448975,-2.829474687576294,0.802970826625824,6.524625778198242,-3.476104736328125,-6.5203118324279785,2.728149652481079,4.069651126861572,2.1661720275878906,-0.4330143928527832,-0.9988340735435486,0.5470730066299438,2.5044748783111572,-4.021402835845947,5.604341506958008,-3.412144422531128,-1.605710744857788,4.708296298980713,-6.646543979644775,-3.591996669769287,-2.4487600326538086,-3.9290335178375244,2.6622626781463623,0.2825010418891907,-6.010930061340332,2.1893627643585205,7.227896690368652,-2.643590211868286,-5.179749965667725,-2.241079568862915,0.07292257249355316,-0.7615585923194885,-0.3421674966812134,-0.606421172618866,1.3207833766937256,0.34714439511299133,1.8529716730117798,-1.1069209575653076,0.6282751,0.61616784
29,-6.6904191970825195,3.5005111694335938,2.912327527999878,-5.892399311065674,5.860901832580566,4.366705417633057,2.7123377323150635,2.886059045791626,-2.8349249362945557,0.8059244155883789,6.532702922821045,-3.4893383979797363,-6.52567720413208,2.7330069541931152,4.0738420486450195,2.168074607849121,-0.4370248019695282,-1.0097054243087769,0.5480920672416687,2.521012783050537,-4.032698154449463,5.612794399261475,-3.4192087650299072,-1.6153526306152344,4.721867084503174,-6.653464317321777,-3.6008613109588623,-2.451979398727417,-3.9312314987182617,2.665844440460205,0.28221994638442993,-6.018416404724121,2.196812152862549,7.236263751983643,-2.6474807262420654,-5.185830593109131,-2.244847297668457,0.08291824907064438,-0.7616056203842163,-0.3421980142593384,-0.6073645353317261,1.3248069286346436,0.3475872874259949,1.8519484996795654,-1.1065229177474976,0.62815046,0.61616784
30,-6.698714256286621,3.507549524307251,2.9293136596679688,-5.911696910858154,5.865673065185547,4.379796504974365,2.716367483139038,2.8874154090881348,-2.839904308319092,0.8086759448051453,6.539949417114258,-3.501400947570801,-6.530533790588379,2.737424373626709,4.077603816986084,2.169711112976074,-0.4409395456314087,-1.0196648836135864,0.5490099191665649,2.536214590072632,-4.042886734008789,5.62033224105835,-3.4255778789520264,-1.624240517616272,4.7342729568481445,-6.659687519073486,-3.6089911460876465,-2.454899549484253,-3.933180570602417,2.669076919555664,0.281936913728714,-6.0251359939575195,2.2036311626434326,7.2437872886657715,-2.650999069213867,-5.191346168518066,-2.2482635974884033,0.09268875420093536,-0.7616675496101379,-0.3422106206417084,-0.6082131862640381,1.3284320831298828,0.347991943359375,1.85102117061615,-1.1061593294143677,0.62812555,0.61616784
31,-6.706125259399414,3.513918399810791,2.944967746734619,-5.929391384124756,5.8700480461120605,4.391729831695557,2.7200114727020264,2.8886375427246094,-2.844395399093628,0.8112275004386902,6.5464348793029785,-3.5124268531799316,-6.534976959228516,2.7414498329162598,4.081081390380859,2.171119213104248,-0.4447666108608246,-1.028792142868042,0.5498212575912476,2.5501508712768555,-4.052130699157715,5.627103328704834,-3.431346893310547,-1.632423996925354,4.745623588562012,-6.665364742279053,-3.6164634227752686,-2.4575917720794678,-3.9349560737609863,2.6720263957977295,0.28165408968925476,-6.0312180519104,2.2099015712738037,7.2506303787231445,-2.6541659832000732,-5.196335315704346,-2.251319169998169,0.10223647952079773,-0.7617349028587341,-0.34220847487449646,-0.6089906096458435,1.3316941261291504,0.34836721420288086,1.8501735925674438,-1.1058276891708374,0.62810063,0.61616784
32,-6.712716579437256,3.519688367843628,2.959402561187744,-5.9456353187561035,5.873940467834473,4.40261697769165,2.723318099975586,2.8897836208343506,-2.848515033721924,0.8135955929756165,6.552297115325928,-3.52247953414917,-6.538963794708252,2.745086908340454,4.084222316741943,2.1723215579986572,-0.44851019978523254,-1.0371578931808472,0.5505498647689819,2.562950611114502,-4.060481071472168,5.633224010467529,-3.436577081680298,-1.6399654150009155,4.756047248840332,-6.670582294464111,-3.623323440551758,-2.4600179195404053,-3.936567544937134,2.6746885776519775,0.28136157989501953,-6.036683559417725,2.215669870376587,7.256903648376465,-2.657045841217041,-5.200890064239502,-2.2540793418884277,0.11156392842531204,-0.7618154287338257,-0.34220489859580994,-0.6097010970115662,1.3346550464630127,0.348703533411026,1.8494030237197876,-1.1055238246917725,0.62815046,0.6164764
33,-6.718644618988037,3.524915933609009,2.9727330207824707,-5.9605278968811035,5.877479553222656,4.412595748901367,2.7263283729553223,2.8907926082611084,-2.852267026901245,0.815788745880127,6.557610034942627,-3.5316507816314697,-6.542625904083252,2.7484230995178223,4.087106704711914,2.1733667850494385,-0.4521746337413788,-1.0448206663131714,0.5512115359306335,2.574700117111206,-4.067990779876709,5.638697147369385,-3.44134259223938,-1.6469120979309082,4.765583038330078,-6.67529821395874,-3.6296310424804688,-2.462244987487793,-3.9380266666412354,2.6771326065063477,0.28106772899627686,-6.041649341583252,2.2209739685058594,7.26260232925415,-2.659691333770752,-5.205021858215332,-2.256556749343872,0.12067689746618271,-0.7618945837020874,-0.34219104051589966,-0.6103468537330627,1.337309718132019,0.34901079535484314,1.8487013578414917,-1.1052443981170654,0.62815046,0.61616784
34,-6.7239179611206055,3.5296432971954346,2.985022783279419,-5.974221229553223,5.880698204040527,4.42171049118042,2.729069471359253,2.891732931137085,-2.855677604675293,0.8178213238716125,6.562335014343262,-3.5400495529174805,-6.545918941497803,2.7514333724975586,4.089760780334473,2.1742491722106934,-0.4557701647281647,-1.0518462657928467,0.5517950654029846,2.5854856967926025,-4.0747551918029785,5.6436357498168945,-3.445659875869751,-1.6533154249191284,4.774359226226807,-6.679573059082031,-3.6354258060455322,-2.4642581939697266,-3.9393224716186523,2.679332971572876,0.2807812988758087,-6.0460968017578125,2.225828170776367,7.267753601074219,-2.662064790725708,-5.208808422088623,-2.2587990760803223,0.12957721948623657,-0.7619735598564148,-0.34216994047164917,-0.6109291315078735,1.339703917503357,0.34928950667381287,1.848060965538025,-1.1049902439117432,0.62815046,0.61616784
35,-6.728662014007568,3.5339455604553223,2.996382713317871,-5.986783504486084,5.883615970611572,4.430047988891602,2.7315404415130615,2.8926124572753906,-2.8587796688079834,0.8197044730186462,6.5666069984436035,-3.547677993774414,-6.548923492431641,2.7541635036468506,4.092158794403076,2.1750128269195557,-0.45930016040802,-1.0582901239395142,0.5523132085800171,2.595376968383789,-4.08096170425415,5.648074150085449,-3.449561595916748,-1.6592246294021606,4.782382011413574,-6.683457851409912,-3.640753984451294,-2.4660866260528564,-3.9405086040496826,2.6813251972198486,0.28048571944236755,-6.050136566162109,2.2303080558776855,7.272449970245361,-2.6642675399780273,-5.212189197540283,-2.260807991027832,0.13826875388622284,-0.7620589733123779,-0.3421430289745331,-0.611465334892273,1.3418731689453125,0.34953853487968445,1.8474758863449097,-1.1047576665878296,0.6280258,0.61616784
36,-6.732882022857666,3.537832021713257,3.006871461868286,-5.99835729598999,5.8862690925598145,4.437656402587891,2.7337896823883057,2.8934032917022705,-2.8616175651550293,0.8214550018310547,6.570488452911377,-3.5546820163726807,-6.551641464233398,2.7566604614257812,4.094371795654297,2.1756932735443115,-0.46277081966400146,-1.06419837474823,0.5527855753898621,2.604445695877075,-4.086569309234619,5.652133464813232,-3.4531145095825195,-1.6646784543991089,4.789750576019287,-6.687026500701904,-3.6456539630889893,-2.4677813053131104,-3.9416003227233887,2.6831183433532715,0.2802039086818695,-6.053810119628906,2.2344272136688232,7.276731491088867,-2.666231632232666,-5.215280055999756,-2.262617349624634,0.14675459265708923,-0.7621485590934753,-0.3421141803264618,-0.6119548082351685,1.3438332080841064,0.34977683424949646,1.846940517425537,-1.104544997215271,0.6279261,0.61616784
37,-6.736609935760498,3.5413870811462402,3.016533136367798,-6.008979320526123,5.888674736022949,4.444645881652832,2.735874652862549,2.894115447998047,-2.8641927242279053,0.8230645060539246,6.573968887329102,-3.5610663890838623,-6.554116249084473,2.7589430809020996,4.096375465393066,2.176225423812866,-0.46618419885635376,-1.0696141719818115,0.5532090663909912,2.6127681732177734,-4.091640949249268,5.655752182006836,-3.4563565254211426,-1.6696828603744507,4.796523094177246,-6.690284252166748,-3.6501753330230713,-2.469304323196411,-3.9425947666168213,2.6847763061523438,0.2799258530139923,-6.057104587554932,2.238224506378174,7.280617713928223,-2.6680517196655273,-5.218105316162109,-2.2642691135406494,0.15503810346126556,-0.7622289657592773,-0.34208300709724426,-0.612405002117157,1.3455901145935059,0.34998834133148193,1.846450924873352,-1.1043497323989868,0.6279012,0.61616784
38,-6.739974498748779,3.5446178913116455,3.0254852771759033,-6.018725395202637,5.89084529876709,4.451037406921387,2.737738609313965,2.8947675228118896,-2.866539478302002,0.8245489001274109,6.57712459564209,-3.566926956176758,-6.556353569030762,2.7609941959381104,4.098207473754883,2.176691770553589,-0.4695461094379425,-1.0745744705200195,0.5535908937454224,2.62040376663208,-4.096264362335205,5.658994674682617,-3.4593076705932617,-1.6743152141571045,4.802759647369385,-6.693247318267822,-3.6542882919311523,-2.4707186222076416,-3.9434654712677,2.686263084411621,0.27966633439064026,-6.060121536254883,2.2416999340057373,7.284134864807129,-2.6696879863739014,-5.220646381378174,-2.265742063522339,0.16312231123447418,-0.7623122334480286,-0.3420487344264984,-0.6128114461898804,1.3471838235855103,0.3501774072647095,1.8460065126419067,-1.104169487953186,0.6279261,0.61616784
39,-6.743009090423584,3.547560930252075,3.033717632293701,-6.027727127075195,5.892824172973633,4.456891059875488,2.7394495010375977,2.89534330368042,-2.8686723709106445,0.8259329199790955,6.57998514175415,-3.5722763538360596,-6.558421611785889,2.7628817558288574,4.09987735748291,2.1770753860473633,-0.4728565812110901,-1.079120397567749,0.5539393424987793,2.6274237632751465,-4.100420951843262,5.661937713623047,-3.461988925933838,-1.6785842180252075,4.808463096618652,-6.695935249328613,-3.6580939292907715,-2.4719953536987305,-3.944262981414795,2.687619924545288,0.2794131934642792,-6.062847137451172,2.24491548538208,7.287389755249023,-2.6711902618408203,-5.222962856292725,-2.2670674324035645,0.17101377248764038,-0.7623854875564575,-0.34201517701148987,-0.6131882667541504,1.3486336469650269,0.35035455226898193,1.845597267150879,-1.1040056943893433,0.6278762,0.61616784
40,-6.745732307434082,3.55021333694458,3.041320562362671,-6.036018371582031,5.894619464874268,4.462246417999268,2.7410061359405518,2.895904541015625,-2.8706166744232178,0.8272063732147217,6.582627296447754,-3.5771822929382324,-6.5602874755859375,2.7646193504333496,4.1013970375061035,2.1773924827575684,-0.4761199951171875,-1.0833076238632202,0.5542447566986084,2.633890151977539,-4.1042304039001465,5.664605140686035,-3.4644274711608887,-1.6825214624404907,4.813695907592773,-6.698383808135986,-3.661602020263672,-2.473160982131958,-3.9450082778930664,2.688859701156616,0.27915963530540466,-6.065306663513184,2.2478630542755127,7.2903618812561035,-2.67256498336792,-5.225097179412842,-2.2682900428771973,0.1787155121564865,-0.7624605894088745,-0.34198376536369324,-0.6135287284851074,1.3499335050582886,0.3505185544490814,1.8452239036560059,-1.1038532257080078,0.6278762,0.61616784
41,-6.748231410980225,3.5526583194732666,3.0483498573303223,-6.04361629486084,5.896289348602295,4.467169761657715,2.7424392700195312,2.8963980674743652,-2.872401237487793,0.8283976912498474,6.584990501403809,-3.5816755294799805,-6.562027931213379,2.7662036418914795,4.102783203125,2.177687406539917,-0.4793393015861511,-1.0871381759643555,0.5545287132263184,2.6398234367370605,-4.1076765060424805,5.6670074462890625,-3.466665744781494,-1.6861556768417358,4.818525791168213,-6.700664520263672,-3.6648404598236084,-2.474242687225342,-3.9456539154052734,2.689998149871826,0.2789154648780823,-6.0675506591796875,2.250575065612793,7.293097972869873,-2.6738290786743164,-5.2270612716674805,-2.2693889141082764,0.18622976541519165,-0.7625312209129333,-0.3419446349143982,-0.6138418316841125,1.3511053323745728,0.3506694436073303,1.844878911972046,-1.1037144660949707,0.6278513,0.61616784
42,-6.750425338745117,3.5548911094665527,3.0548434257507324,-6.050609111785889,5.897741794586182,4.471652507781982,2.7437191009521484,2.896843194961548,-2.8740289211273193,0.8294834494590759,6.587125301361084,-3.585777521133423,-6.563574314117432,2.767620801925659,4.1040873527526855,2.177921772003174,-0.48251351714134216,-1.0906543731689453,0.5547860264778137,2.645275592803955,-4.110809326171875,5.6692047119140625,-3.4687023162841797,-1.6894991397857666,4.822971820831299,-6.702743053436279,-3.667802095413208,-2.4752004146575928,-3.9462730884552,2.6910247802734375,0.27868619561195374,-6.069582462310791,2.2530860900878906,7.295580863952637,-2.674960136413574,-5.2288641929626465,-2.2703773975372314,0.19356019794940948,-0.7626005411148071,-0.34190014004707336,-0.6141268014907837,1.3521572351455688,0.35080423951148987,1.8445667028427124,-1.1035867929458618,0.6278513,0.61616784
43,-6.752380847930908,3.5569145679473877,3.060819625854492,-6.057063579559326,5.8990960121154785,4.475776195526123,2.7449042797088623,2.897258996963501,-2.875525951385498,0.8304807543754578,6.589085578918457,-3.5895228385925293,-6.56497859954834,2.768941640853882,4.105292320251465,2.1781232357025146,-0.48564499616622925,-1.0938894748687744,0.5550015568733215,2.6502511501312256,-4.113656520843506,5.671231269836426,-3.4705493450164795,-1.6925878524780273,4.8270392417907715,-6.704609394073486,-3.6705408096313477,-2.476111888885498,-3.9468448162078857,2.691955804824829,0.2784532904624939,-6.071431636810303,2.2553956508636475,7.297835350036621,-2.676017999649048,-5.230434894561768,-2.2712879180908203,0.20070955157279968,-0.762664794921875,-0.34186482429504395,-0.6143903136253357,1.3531157970428467,0.3509138822555542,1.8442766666412354,-1.1034690141677856,0.6278513,0.61616784
44,-6.75415563583374,3.5587410926818848,3.066364049911499,-6.062989711761475,5.900307655334473,4.479546070098877,2.745980978012085,2.897658348083496,-2.876878023147583,0.8313990831375122,6.590864181518555,-3.592960834503174,-6.566287040710449,2.7701408863067627,4.106381416320801,2.1782724857330322,-0.4887363910675049,-1.0968444347381592,0.5551924705505371,2.654813289642334,-4.116276741027832,5.673015117645264,-3.4722201824188232,-1.695440411567688,4.83076810836792,-6.706274509429932,-3.6730871200561523,-2.4769110679626465,-3.9473490715026855,2.692833423614502,0.27824485301971436,-6.073122501373291,2.257538080215454,7.29989767074585,-2.6769895553588867,-5.231977939605713,-2.2721047401428223,0.20768295228481293,-0.762715756893158,-0.3418182134628296,-0.6146267652511597,1.353979229927063,0.3510218858718872,1.8440141677856445,-1.1033599376678467,0.6277765,0.6158593
45,-6.755737781524658,3.5604281425476074,3.0714776515960693,-6.068427562713623,5.901412487030029,4.483021259307861,2.746961832046509,2.8980088233947754,-2.878135919570923,0.832252562046051,6.59247350692749,-3.59613299369812,-6.5674591064453125,2.771225690841675,4.107331275939941,2.1784112453460693,-0.49179354310035706,-1.0995535850524902,0.5553739666938782,2.659010887145996,-4.11862325668335,5.674618244171143,-3.4737446308135986,-1.6980589628219604,4.834211826324463,-6.7078537940979,-3.675405502319336,-2.4776668548583984,-3.9477953910827637,2.693619966506958,0.278047114610672,-6.074624061584473,2.259498119354248,7.301762580871582,-2.677849054336548,-5.233308792114258,-2.2728617191314697,0.214481920003891,-0.7627730369567871,-0.3417719602584839,-0.6148383021354675,1.3547621965408325,0.351118803024292,1.8437732458114624,-1.1032607555389404,0.6277765,0.6158593
46,-6.757165431976318,3.5619497299194336,3.0761613845825195,-6.073437213897705,5.902416229248047,4.4861955642700195,2.747856616973877,2.8983147144317627,-2.879281759262085,0.8330415487289429,6.593964099884033,-3.599030017852783,-6.568488121032715,2.7722318172454834,4.108234882354736,2.1784870624542236,-0.4948185682296753,-1.1020313501358032,0.5555499792098999,2.662848472595215,-4.120798587799072,5.676053524017334,-3.4751365184783936,-1.700478196144104,4.837389945983887,-6.709283351898193,-3.677541494369507,-2.4783477783203125,-3.948197364807129,2.6943359375,0.2778612971305847,-6.076051712036133,2.2612979412078857,7.303488731384277,-2.6786391735076904,-5.234543800354004,-2.273543357849121,0.22111180424690247,-0.7628276944160461,-0.34172531962394714,-0.6150398850440979,1.355470895767212,0.35121574997901917,1.8435535430908203,-1.1031684875488281,0.6277516,0.6158593
47,-6.758450984954834,3.5633671283721924,3.0805070400238037,-6.078077793121338,5.903377056121826,4.489118576049805,2.7486650943756104,2.8986151218414307,-2.8803160190582275,0.8337696194648743,6.595256805419922,-3.6016902923583984,-6.5694804191589355,2.773125410079956,4.109088897705078,2.1785812377929688,-0.4978117346763611,-1.1043105125427246,0.5557032823562622,2.6663925647735596,-4.122774600982666,5.677383899688721,-3.4763944149017334,-1.7026851177215576,4.840222358703613,-6.710594654083252,-3.679504871368408,-2.479006290435791,-3.9485838413238525,2.694993257522583,0.2776825428009033,-6.077288627624512,2.2629497051239014,7.3050856590271,-2.679368495941162,-5.235668182373047,-2.2741572856903076,0.22757868468761444,-0.7628766894340515,-0.34168556332588196,-0.6152276992797852,1.3561081886291504,0.3512987792491913,1.8433476686477661,-1.103084921836853,0.6277765,0.6158593
48,-6.759616851806641,3.5646660327911377,3.084531545639038,-6.0823259353637695,5.904254913330078,4.491788387298584,2.7494192123413086,2.8988840579986572,-2.881270170211792,0.8344383239746094,6.59646463394165,-3.6041359901428223,-6.570379734039307,2.773935317993164,4.109831809997559,2.178640842437744,-0.5007732510566711,-1.1063913106918335,0.5558464527130127,2.6695992946624756,-4.124512672424316,5.678606986999512,-3.477564811706543,-1.704723834991455,4.842870712280273,-6.711818218231201,-3.681305170059204,-2.479578971862793,-3.9489195346832275,2.695585250854492,0.27750566601753235,-6.07846736907959,2.2644827365875244,7.3065619468688965,-2.6800434589385986,-5.236674785614014,-2.274696111679077,0.2338811457157135,-0.7629305720329285,-0.3416498899459839,-0.6154019236564636,1.3566886186599731,0.3513665199279785,1.8431581258773804,-1.10300874710083,0.6277516,0.6158593
49,-6.760622978210449,3.5658199787139893,3.088244676589966,-6.086221218109131,5.90501070022583,4.494227886199951,2.750096559524536,2.8991012573242188,-2.8821308612823486,0.8350391983985901,6.597556114196777,-3.6063551902770996,-6.571164131164551,2.774704694747925,4.110507488250732,2.1787030696868896,-0.5037017464637756,-1.1083149909973145,0.5559781193733215,2.672584295272827,-4.126137733459473,5.67966365814209,-3.4786384105682373,-1.7066115140914917,4.845330715179443,-6.712920665740967,-3.682985305786133,-2.4800894260406494,-3.949233055114746,2.6961140632629395,0.27732768654823303,-6.079473495483398,2.265871286392212,7.3079094886779785,-2.6806559562683105,-5.237617492675781,-2.275205612182617,0.24002422392368317,-0.7629759311676025,-0.34161609411239624,-0.6155528426170349,1.3571995496749878,0.35143330693244934,1.8429863452911377,-1.1029361486434937,0.6277516,0.61616784
50,-6.761557579040527,3.56689190864563,3.091660499572754,-6.0898613929748535,5.905666828155518,4.4964823722839355,2.750722646713257,2.8993234634399414,-2.882901668548584,0.8356021046638489,6.598546504974365,-3.608391761779785,-6.57189416885376,2.7753992080688477,4.111148357391357,2.178731679916382,-0.5066022276878357,-1.1100716590881348,0.5560896992683411,2.6753106117248535,-4.127603530883789,5.680633544921875,-3.4795913696289062,-1.7083353996276855,4.847527027130127,-6.713918685913086,-3.684495687484741,-2.4805610179901123,-3.9495224952697754,2.696624994277954,0.27715763449668884,-6.080409049987793,2.2671568393707275,7.309114933013916,-2.681206464767456,-5.23847770690918,-2.275653600692749,0.2460138499736786,-0.7630088329315186,-0.3415786325931549,-0.615689218044281,1.3576444387435913,0.35149237513542175,1.8428293466567993,-1.1028696298599243,0.6277267,0.61616784
51,-6.762360095977783,3.5678932666778564,3.0948336124420166,-6.093186855316162,5.906338691711426,4.498508930206299,2.751293420791626,2.8995087146759033,-2.8836379051208496,0.8361120820045471,6.599466323852539,-3.61024808883667,-6.572541236877441,2.7760415077209473,4.111671447753906,2.178736448287964,-0.5094742774963379,-1.111678957939148,0.5561906695365906,2.677813768386841,-4.128939628601074,5.6815571784973145,-3.4804797172546387,-1.7099072933197021,4.849597930908203,-6.714847564697266,-3.6859030723571777,-2.481005907058716,-3.9497673511505127,2.6970694065093994,0.27700698375701904,-6.081305027008057,2.268336534500122,7.310216426849365,-2.6817102432250977,-5.239264488220215,-2.2760682106018066,0.25185275077819824,-0.7630413174629211,-0.3415374159812927,-0.6158182621002197,1.3580433130264282,0.3515385389328003,1.842682123184204,-1.1028079986572266,0.6277765,0.61616784
52,-6.763136863708496,3.568769693374634,3.09775447845459,-6.096244812011719,5.906930923461914,4.500389575958252,2.751847505569458,2.8996849060058594,-2.884291172027588,0.8365903496742249,6.600325584411621,-3.611962080001831,-6.5731611251831055,2.776618242263794,4.112225532531738,2.1787405014038086,-0.5123193264007568,-1.1131601333618164,0.5562853217124939,2.6800949573516846,-4.130126476287842,5.682366371154785,-3.4813053607940674,-1.7113686800003052,4.851480007171631,-6.715702533721924,-3.6872076988220215,-2.4814112186431885,-3.9500434398651123,2.697495460510254,0.2768540382385254,-6.08204460144043,2.2694461345672607,7.311254978179932,-2.682192802429199,-5.239928722381592,-2.2764437198638916,0.2575405240058899,-0.7630742788314819,-0.3415093421936035,-0.61593097448349,1.3583965301513672,0.3515789806842804,1.8425482511520386,-1.102752923965454,0.6277765,0.61616784
53,-6.763791561126709,3.5695877075195312,3.100461483001709,-6.099094867706299,5.907461643218994,4.502105236053467,2.752328872680664,2.8998477458953857,-2.884884834289551,0.8370255827903748,6.601071357727051,-3.613527297973633,-6.573705673217773,2.777139663696289,4.112656116485596,2.178736448287964,-0.5151379108428955,-1.1145145893096924,0.5563669204711914,2.6821975708007812,-4.131196022033691,5.683088779449463,-3.4820520877838135,-1.7127333879470825,4.853246212005615,-6.716447830200195,-3.688412666320801,-2.4817819595336914,-3.950272560119629,2.6978819370269775,0.2767096161842346,-6.082737922668457,2.270472288131714,7.312160015106201,-2.682605028152466,-5.24057149887085,-2.2767810821533203,0.26308372616767883,-0.7631003856658936,-0.341484934091568,-0.616034209728241,1.358734130859375,0.3516240119934082,1.8424266576766968,-1.1027004718780518,0.6277516,0.61616784
54,-6.764380931854248,3.5703389644622803,3.1029410362243652,-6.101696491241455,5.907963275909424,4.503716945648193,2.752760887145996,2.8999829292297363,-2.8854291439056396,0.8374179601669312,6.601784706115723,-3.614976167678833,-6.574233531951904,2.7776060104370117,4.113166809082031,2.1787209510803223,-0.517933189868927,-1.1157441139221191,0.556441068649292,2.6841259002685547,-4.132217884063721,5.683803558349609,-3.482717514038086,-1.7139712572097778,4.854848384857178,-6.717148303985596,-3.6895368099212646,-2.482138156890869,-3.950477123260498,2.6982240676879883,0.27657148241996765,-6.083414077758789,2.2713942527770996,7.313029766082764,-2.6830050945281982,-5.2411651611328125,-2.2771098613739014,0.2684849202632904,-0.7631289958953857,-0.34145551919937134,-0.6161358952522278,1.3590143918991089,0.3516652286052704,1.8423097133636475,-1.102651596069336,0.6277516,0.61616784
55,-6.764936447143555,3.5710196495056152,3.1052494049072266,-6.104094982147217,5.908420562744141,4.505162239074707,2.753139019012451,2.9001176357269287,-2.885918617248535,0.8377798199653625,6.6024603843688965,-3.616302013397217,-6.574720859527588,2.7780492305755615,4.113597869873047,2.178692102432251,-0.5207051038742065,-1.1168768405914307,0.5564948320388794,2.685899496078491,-4.13312292098999,5.684431076049805,-3.48333740234375,-1.715104341506958,4.856296539306641,-6.717763423919678,-3.6905555725097656,-2.4824602603912354,-3.950648546218872,2.6985437870025635,0.27644357085227966,-6.08403205871582,2.272247076034546,7.313807964324951,-2.683358669281006,-5.241673469543457,-2.2773873805999756,0.2737469971179962,-0.7631593346595764,-0.3414342999458313,-0.616229236125946,1.3592731952667236,0.35170283913612366,1.8422056436538696,-1.102609634399414,0.6277516,0.6158593
56,-6.765444755554199,3.5716559886932373,3.107367753982544,-6.106321811676025,5.908812522888184,4.506482124328613,2.753499984741211,2.9002645015716553,-2.8863682746887207,0.8381194472312927,6.6030073165893555,-3.617513418197632,-6.575161457061768,2.778463840484619,4.1139678955078125,2.1786954402923584,-0.523456335067749,-1.1179213523864746,0.5565563440322876,2.6875078678131104,-4.133973121643066,5.684947967529297,-3.483870029449463,-1.7161370515823364,4.857600688934326,-6.718346118927002,-3.691504716873169,-2.482729434967041,-3.950817823410034,2.698859930038452,0.27632761001586914,-6.0845770835876465,2.2730257511138916,7.314548492431641,-2.683694839477539,-5.242220401763916,-2.277639865875244,0.2788761258125305,-0.76318359375,-0.34140169620513916,-0.6163088083267212,1.3594990968704224,0.35173851251602173,1.8421088457107544,-1.1025664806365967,0.6277765,0.6158593
57,-6.765873908996582,3.5722193717956543,3.1093318462371826,-6.1083245277404785,5.909174919128418,4.5076751708984375,2.7538397312164307,2.9003520011901855,-2.8867905139923096,0.8384263515472412,6.603542804718018,-3.618621349334717,-6.575525283813477,2.7788329124450684,4.114293098449707,2.178687810897827,-0.5261864066123962,-1.1188651323318481,0.556612491607666,2.6890130043029785,-4.13470458984375,5.685396671295166,-3.484351396560669,-1.7170957326889038,4.858828067779541,-6.71889066696167,-3.692363977432251,-2.48299241065979,-3.950974702835083,2.699122428894043,0.2762269973754883,-6.085117340087891,2.273775100708008,7.3152313232421875,-2.683986186981201,-5.242690086364746,-2.2778754234313965,0.2838733196258545,-0.763209342956543,-0.3413722813129425,-0.6163865923881531,1.3597036600112915,0.3517606258392334,1.842021107673645,-1.102527379989624,0.6277765,0.6158593
58,-6.766269207000732,3.5727286338806152,3.111140012741089,-6.110215663909912,5.90950870513916,4.508796215057373,2.754142999649048,2.900466203689575,-2.8871569633483887,0.8387084603309631,6.604038238525391,-3.619624376296997,-6.575893402099609,2.779165506362915,4.114561080932617,2.178654670715332,-0.5288927555084229,-1.119747281074524,0.5566664338111877,2.690385580062866,-4.135385990142822,5.685798168182373,-3.4848060607910156,-1.7179911136627197,4.8600029945373535,-6.719384670257568,-3.693148612976074,-2.48325514793396,-3.951120138168335,2.6993725299835205,0.27613377571105957,-6.085575580596924,2.2744534015655518,7.315854549407959,-2.684260368347168,-5.2430620193481445,-2.2780768871307373,0.28874245285987854,-0.7632381319999695,-0.3413432836532593,-0.616450846195221,1.3598766326904297,0.3517846167087555,1.8419395685195923,-1.1024936437606812,0.6278264,0.6158593
59,-6.766632556915283,3.5732226371765137,3.1127967834472656,-6.111904144287109,5.909835338592529,4.509828567504883,2.7544116973876953,2.9005472660064697,-2.8875133991241455,0.8389642238616943,6.604536533355713,-3.620561361312866,-6.576279163360596,2.779480457305908,4.11488151550293,2.17863392829895,-0.5315778851509094,-1.1205443143844604,0.5567129254341125,2.6916494369506836,-4.136023998260498,5.686221599578857,-3.4852492809295654,-1.7188153266906738,4.8610429763793945,-6.7198486328125,-3.693892002105713,-2.4834847450256348,-3.951215982437134,2.699608087539673,0.27603402733802795,-6.086008071899414,2.2750720977783203,7.316410541534424,-2.684518575668335,-5.243448734283447,-2.2782468795776367,0.2934832274913788,-0.7632665038108826,-0.34131938219070435,-0.6165163516998291,1.360032081604004,0.3517996370792389,1.841861367225647,-1.102461338043213,0.6278264,0.6158593
60,-6.766942977905273,3.573678731918335,3.1143195629119873,-6.113461494445801,5.910122394561768,4.510775089263916,2.7546656131744385,2.9006385803222656,-2.8878254890441895,0.8391939997673035,6.604965686798096,-3.6214306354522705,-6.576565742492676,2.779758930206299,4.1151442527771,2.1785972118377686,-0.5342424511909485,-1.1212841272354126,0.5567575693130493,2.6928153038024902,-4.136587619781494,5.686583042144775,-3.4856505393981934,-1.719555377960205,4.861980438232422,-6.720260143280029,-3.694575786590576,-2.4837117195129395,-3.9513585567474365,2.6998097896575928,0.2759414613246918,-6.086386203765869,2.2756364345550537,7.3169403076171875,-2.684755325317383,-5.2437944412231445,-2.2784230709075928,0.2981015145778656,-0.7632865905761719,-0.34129786491394043,-0.6165705323219299,1.360164761543274,0.3518105149269104,1.8417913913726807,-1.1024287939071655,0.6278264,0.6158593
61,-6.767266273498535,3.5740745067596436,3.115719795227051,-6.114916801452637,5.910383701324463,4.51164436340332,2.754875898361206,2.900698661804199,-2.888108015060425,0.8394092917442322,6.605304718017578,-3.6222000122070312,-6.57678747177124,2.7800028324127197,4.115431308746338,2.1785848140716553,-0.5368889570236206,-1.1219533681869507,0.5567927360534668,2.693875551223755,-4.13710880279541,5.686964988708496,-3.4860029220581055,-1.720253825187683,4.8628926277160645,-6.720657825469971,-3.6951985359191895,-2.4838855266571045,-3.9514811038970947,2.7000014781951904,0.2758462429046631,-6.08671760559082,2.276179552078247,7.317383289337158,-2.6849586963653564,-5.244114398956299,-2.278573513031006,0.3025975823402405,-0.7633041143417358,-0.3412732779979706,-0.6166155934333801,1.3602808713912964,0.3518185615539551,1.84172523021698,-1.102404236793518,0.6278264,0.6158593
62,-6.767515659332275,3.574446201324463,3.1170148849487305,-6.116227626800537,5.910619735717773,4.5124125480651855,2.7551019191741943,2.900763750076294,-2.888387441635132,0.8395965695381165,6.60565710067749,-3.6229262351989746,-6.577036380767822,2.780224084854126,4.115645885467529,2.1785526275634766,-0.539517343044281,-1.122581124305725,0.5568251013755798,2.6948561668395996,-4.137551784515381,5.68733024597168,-3.4863274097442627,-1.7208822965621948,4.863709449768066,-6.721019744873047,-3.6957719326019287,-2.484069347381592,-3.9515931606292725,2.700186014175415,0.2757539749145508,-6.087031364440918,2.276665449142456,7.317814826965332,-2.6851634979248047,-5.244410514831543,-2.278726816177368,0.3069774806499481,-0.7633209228515625,-0.3412553668022156,-0.6166631579399109,1.3603863716125488,0.3518417179584503,1.8416653871536255,-1.1023776531219482,0.6278264,0.6158593
63,-6.767729759216309,3.5747814178466797,3.118213176727295,-6.117475509643555,5.910886764526367,4.51315450668335,2.7553043365478516,2.9008357524871826,-2.8886287212371826,0.8397756814956665,6.605971813201904,-3.62357759475708,-6.577301979064941,2.780438184738159,4.115843296051025,2.1785409450531006,-0.5421279668807983,-1.1231447458267212,0.5568538308143616,2.6957550048828125,-4.137951850891113,5.687592506408691,-3.4866418838500977,-1.721448540687561,4.86439323425293,-6.721378803253174,-3.696315050125122,-2.484236478805542,-3.9516756534576416,2.7003753185272217,0.2756706178188324,-6.087315082550049,2.277111768722534,7.318264961242676,-2.6853415966033936,-5.244649887084961,-2.278907299041748,0.31124305725097656,-0.7633324265480042,-0.3412388563156128,-0.6166983842849731,1.3604761362075806,0.3518539369106293,1.8416051864624023,-1.1023532152175903,0.6278264,0.6158593
64,-6.767946243286133,3.5751137733459473,3.1193137168884277,-6.118575096130371,5.911086559295654,4.513815402984619,2.755486249923706,2.9008848667144775,-2.888850212097168,0.839937686920166,6.606238842010498,-3.624169111251831,-6.577528953552246,2.7806217670440674,4.116016387939453,2.1785101890563965,-0.5447209477424622,-1.123672366142273,0.5568795204162598,2.696556568145752,-4.138309478759766,5.687832832336426,-3.4869179725646973,-1.721972107887268,4.865079879760742,-6.721630096435547,-3.6968140602111816,-2.484405994415283,-3.951768398284912,2.7005295753479004,0.27558737993240356,-6.087551593780518,2.277520179748535,7.318650245666504,-2.6855132579803467,-5.244901657104492,-2.2790229320526123,0.3153982162475586,-0.7633400559425354,-0.3412230610847473,-0.6167351007461548,1.360539436340332,0.3518507778644562,1.8415553569793701,-1.102329969406128,0.6278513,0.6158593
65,-6.768092632293701,3.575390577316284,3.1203508377075195,-6.119619369506836,5.911252975463867,4.514403820037842,2.755632162094116,2.9009337425231934,-2.8890380859375,0.8400861024856567,6.606495380401611,-3.624696969985962,-6.577746868133545,2.7807931900024414,4.116225719451904,2.1784918308258057,-0.5472965240478516,-1.1241538524627686,0.556901216506958,2.697314739227295,-4.138648986816406,5.688093185424805,-3.4871768951416016,-1.7224668264389038,4.865736484527588,-6.72192907333374,-3.697244167327881,-2.4845335483551025,-3.951843738555908,2.700681447982788,0.27552011609077454,-6.087820529937744,2.277909755706787,7.318941116333008,-2.6856579780578613,-5.245120048522949,-2.2791213989257812,0.3194451928138733,-0.7633463740348816,-0.34120234847068787,-0.6167696118354797,1.3606038093566895,0.3518603444099426,1.8415054082870483,-1.1023106575012207,0.6278513,0.6158593
66,-6.76828145980835,3.5756676197052,3.1212961673736572,-6.120610237121582,5.91141414642334,4.51495361328125,2.7557737827301025,2.9009575843811035,-2.889219045639038,0.8402237296104431,6.606767654418945,-3.6251988410949707,-6.577877044677734,2.780953884124756,4.116365909576416,2.1784703731536865,-0.5498544573783875,-1.124588966369629,0.556918740272522,2.6979968547821045,-4.138945579528809,5.688317775726318,-3.4874210357666016,-1.7229065895080566,4.866317272186279,-6.722187519073486,-3.697683811187744,-2.48468279838562,-3.951918363571167,2.7007882595062256,0.2754571735858917,-6.08802604675293,2.278275489807129,7.319255828857422,-2.685774564743042,-5.2452874183654785,-2.2792298793792725,0.3233853876590729,-0.7633497714996338,-0.3411844074726105,-0.6168014407157898,1.3606584072113037,0.3518592119216919,1.8414621353149414,-1.102290153503418,0.6278513,0.6158593
67,-6.768433094024658,3.5759100914001465,3.1221470832824707,-6.1215057373046875,5.911588668823242,4.515463352203369,2.755927801132202,2.9009904861450195,-2.889387607574463,0.8403298258781433,6.607036590576172,-3.6256885528564453,-6.578066349029541,2.7811195850372314,4.116528511047363,2.1784584522247314,-0.5523968935012817,-1.1249977350234985,0.5569431185722351,2.698636531829834,-4.13923454284668,5.688485145568848,-3.4876065254211426,-1.723331093788147,4.8668365478515625,-6.722370624542236,-3.6980674266815186,-2.4847934246063232,-3.952007532119751,2.7009148597717285,0.2753801941871643,-6.088203430175781,2.2785911560058594,7.319523334503174,-2.685908555984497,-5.245464324951172,-2.279325008392334,0.32722264528274536,-0.7633619904518127,-0.341177374124527,-0.6168296337127686,1.3607020378112793,0.35186541080474854,1.8414198160171509,-1.1022709608078003,0.6278513,0.6158593
68,-6.768557548522949,3.5761353969573975,3.1229588985443115,-6.122319221496582,5.9117350578308105,4.515942573547363,2.7560548782348633,2.9010543823242188,-2.889561414718628,0.8404420018196106,6.607227802276611,-3.6260995864868164,-6.578235626220703,2.78125,4.116631031036377,2.178414821624756,-0.5549211502075195,-1.1253690719604492,0.5569637417793274,2.699211835861206,-4.139493942260742,5.68864631652832,-3.4877686500549316,-1.7237191200256348,4.867320537567139,-6.7225799560546875,-3.698430299758911,-2.484907388687134,-3.9520516395568848,2.7010414600372314,0.2753167450428009,-6.088413715362549,2.2788944244384766,7.3198137283325195,-2.686035394668579,-5.245625019073486,-2.2794253826141357,0.33095818758010864,-0.7633776068687439,-0.3411642014980316,-0.6168590188026428,1.360743522644043,0.3518821597099304,1.84138023853302,-1.1022555828094482,0.6278513,0.6158593
69,-6.768659591674805,3.5763378143310547,3.1237473487854004,-6.123095989227295,5.911846160888672,4.51637077331543,2.7561707496643066,2.901093006134033,-2.889681339263916,0.8405444622039795,6.607454776763916,-3.6264867782592773,-6.578397750854492,2.7813708782196045,4.116723537445068,2.178401470184326,-0.5574290752410889,-1.1256978511810303,0.5569866299629211,2.6997463703155518,-4.139726638793945,5.688815116882324,-3.4879531860351562,-1.724076509475708,4.867776393890381,-6.72274923324585,-3.698777437210083,-2.485018491744995,-3.9521219730377197,2.7011351585388184,0.27525123953819275,-6.0886101722717285,2.2791807651519775,7.320071220397949,-2.686147451400757,-5.245794773101807,-2.2794864177703857,0.3345964848995209,-0.7633863091468811,-0.34115371108055115,-0.6168798804283142,1.3607654571533203,0.35187575221061707,1.8413426876068115,-1.1022380590438843,0.6278513,0.6158593
70,-6.768763542175293,3.576533794403076,3.1244373321533203,-6.123803615570068,5.912010192871094,4.516758918762207,2.7562804222106934,2.9011213779449463,-2.8897950649261475,0.8406273722648621,6.607654094696045,-3.626847267150879,-6.578526973724365,2.7814955711364746,4.116846561431885,2.17834734916687,-0.5599210262298584,-1.1259983777999878,0.5570046305656433,2.70023512840271,-4.139934062957764,5.68889045715332,-3.4880876541137695,-1.7244027853012085,4.868170738220215,-6.722954750061035,-3.6990811824798584,-2.485109567642212,-3.952188491821289,2.7012362480163574,0.27519866824150085,-6.08872652053833,2.2794368267059326,7.320298671722412,-2.686249256134033,-5.24598503112793,-2.279538869857788,0.3381385803222656,-0.763386607170105,-0.341135710477829,-0.6168946623802185,1.3607929944992065,0.35187023878097534,1.8413081169128418,-1.1022225618362427,0.6278513,0.6158593
71,-6.768824100494385,3.5767085552215576,3.1250667572021484,-6.124419212341309,5.912143230438232,4.517107009887695,2.756382942199707,2.9011669158935547,-2.8899009227752686,0.8407114744186401,6.607801914215088,-3.6271960735321045,-6.578652858734131,2.7815730571746826,4.11691951751709,2.178302526473999,-0.5623971819877625,-1.1262844800949097,0.5570233464241028,2.7006678581237793,-4.140111446380615,5.688987731933594,-3.4882190227508545,-1.7246960401535034,4.868547439575195,-6.723098278045654,-3.6993510723114014,-2.485178232192993,-3.952219247817993,2.7013320922851562,0.2751469016075134,-6.088850021362305,2.279662609100342,7.320504188537598,-2.6863505840301514,-5.246134281158447,-2.2796192169189453,0.34158584475517273,-0.76339191198349,-0.34111425280570984,-0.6169084310531616,1.3608094453811646,0.3518637716770172,1.8412762880325317,-1.1022086143493652,0.6278264,0.6158593
72,-6.768896579742432,3.576850652694702,3.1256422996520996,-6.125018119812012,5.912235260009766,4.517406940460205,2.7564659118652344,2.901179552078247,-2.890003204345703,0.840782105922699,6.607960224151611,-3.627479314804077,-6.578775405883789,2.7816667556762695,4.117009162902832,2.1782782077789307,-0.5648585557937622,-1.1265379190444946,0.5570430159568787,2.701061725616455,-4.1402692794799805,5.689111709594727,-3.488340139389038,-1.7249687910079956,4.868869781494141,-6.723233222961426,-3.699617862701416,-2.485261917114258,-3.9522452354431152,2.701416254043579,0.27509671449661255,-6.088943958282471,2.2798728942871094,7.3206963539123535,-2.6864140033721924,-5.246250629425049,-2.279677391052246,0.3449433445930481,-0.7633906602859497,-0.3410886824131012,-0.6169251203536987,1.3608174324035645,0.3518688976764679,1.8412476778030396,-1.1021958589553833,0.6278264,0.6158593
73,-6.768934726715088,3.5769927501678467,3.126178026199341,-6.125537395477295,5.912264823913574,4.517702579498291,2.756540298461914,2.901193618774414,-2.890104055404663,0.8408527374267578,6.608107089996338,-3.627737045288086,-6.578854084014893,2.7817606925964355,4.117080211639404,2.1782543659210205,-0.5673041939735413,-1.126773476600647,0.5570511221885681,2.7014365196228027,-4.140426158905029,5.689216136932373,-3.48846435546875,-1.7252100706100464,4.869143962860107,-6.7233686447143555,-3.699843168258667,-2.485339403152466,-3.952296018600464,2.7014715671539307,0.27503761649131775,-6.089059829711914,2.2800700664520264,7.320885181427002,-2.6864829063415527,-5.246335506439209,-2.2797276973724365,0.3482118546962738,-0.7633948922157288,-0.34107497334480286,-0.6169365644454956,1.3608168363571167,0.3518824577331543,1.8412214517593384,-1.1021841764450073,0.6278264,0.6158593
74,-6.768975734710693,3.577101469039917,3.126687526702881,-6.126018047332764,5.912353992462158,4.517969131469727,2.7566089630126953,2.901210308074951,-2.8902041912078857,0.840903639793396,6.608249664306641,-3.6279799938201904,-6.5789408683776855,2.781824827194214,4.117161750793457,2.178224563598633,-0.5697351694107056,-1.1269880533218384,0.5570620894432068,2.701809883117676,-4.140547275543213,5.689287185668945,-3.4885809421539307,-1.7254090309143066,4.869379043579102,-6.7235236167907715,-3.7000575065612793,-2.485391616821289,-3.952313184738159,2.701547145843506,0.2749883830547333,-6.089138031005859,2.2802445888519287,7.32107400894165,-2.6865389347076416,-5.2464094161987305,-2.279784679412842,0.3513941764831543,-0.7634005546569824,-0.34106674790382385,-0.6169512867927551,1.3608059883117676,0.35187798738479614,1.8411943912506104,-1.102171778678894,0.6278015,0.6158593
75,-6.76904296875,3.577247142791748,3.1271305084228516,-6.126450061798096,5.91245698928833,4.51824426651001,2.7566797733306885,2.901216745376587,-2.8902652263641357,0.8409503698348999,6.608340740203857,-3.628222703933716,-6.579016208648682,2.7818832397460938,4.117187976837158,2.178196430206299,-0.5721516609191895,-1.1271791458129883,0.5570739507675171,2.702151298522949,-4.140623569488525,5.6893534660339355,-3.488652467727661,-1.7256011962890625,4.869616508483887,-6.72365140914917,-3.7002530097961426,-2.4854788780212402,-3.9523558616638184,2.701612949371338,0.2749330401420593,-6.089232444763184,2.2804031372070312,7.321244239807129,-2.6865954399108887,-5.2464752197265625,-2.2798240184783936,0.3544918894767761,-0.7634103894233704,-0.3410593271255493,-0.6169551610946655,1.3607841730117798,0.351866751909256,1.841169834136963,-1.1021616458892822,0.6278015,0.6158593
76,-6.7690534591674805,3.5773446559906006,3.1275510787963867,-6.1268486976623535,5.912550449371338,4.518486499786377,2.7567496299743652,2.9012222290039062,-2.890334367752075,0.8410032987594604,6.608424663543701,-3.6284408569335938,-6.5790791511535645,2.781928062438965,4.117271900177002,2.1781609058380127,-0.5745546817779541,-1.1273610591888428,0.5570892095565796,2.7024545669555664,-4.140711307525635,5.689362049102783,-3.488713026046753,-1.7257490158081055,4.869805335998535,-6.723783016204834,-3.7004339694976807,-2.4855539798736572,-3.952401638031006,2.701677083969116,0.27489539980888367,-6.08930778503418,2.2805662155151367,7.321397304534912,-2.6866261959075928,-5.246574401855469,-2.279849052429199,0.35750672221183777,-0.7634114623069763,-0.34105271100997925,-0.6169643402099609,1.360756754875183,0.3518618941307068,1.8411445617675781,-1.1021525859832764,0.6277765,0.6158593
77,-6.769078254699707,3.577467918395996,3.127932548522949,-6.127227306365967,5.912639617919922,4.518693923950195,2.7567930221557617,2.9012229442596436,-2.8903863430023193,0.8410447239875793,6.6085429191589355,-3.6286375522613525,-6.579170227050781,2.7819511890411377,4.117332458496094,2.1781506538391113,-0.5769440531730652,-1.1275348663330078,0.5570956468582153,2.7027199268341064,-4.140789985656738,5.689417362213135,-3.4888088703155518,-1.7259154319763184,4.870048522949219,-6.723884582519531,-3.7006280422210693,-2.485633611679077,-3.952415943145752,2.701721429824829,0.2748415172100067,-6.0893659591674805,2.2807064056396484,7.321539402008057,-2.686683177947998,-5.24662446975708,-2.2798757553100586,0.36044007539749146,-0.7634232640266418,-0.3410511314868927,-0.6169742345809937,1.3607354164123535,0.3518529534339905,1.8411219120025635,-1.1021413803100586,0.6277765,0.6158593
78,-6.769165992736816,3.5775742530822754,3.128253936767578,-6.127584934234619,5.912704944610596,4.518880844116211,2.756852388381958,2.901228904724121,-2.8904237747192383,0.8410843014717102,6.608633995056152,-3.6288254261016846,-6.579235076904297,2.7820048332214355,4.117368221282959,2.178126573562622,-0.5793203115463257,-1.1276869773864746,0.5571096539497375,2.7029693126678467,-4.1408562660217285,5.68947172164917,-3.4888899326324463,-1.7260857820510864,4.870258808135986,-6.723968029022217,-3.700782299041748,-2.4856698513031006,-3.952448606491089,2.701765298843384,0.27478358149528503,-6.089382648468018,2.280831813812256,7.321660041809082,-2.68672513961792,-5.2466888427734375,-2.279920816421509,0.3632948696613312,-0.7634204626083374,-0.34104421734809875,-0.6169711351394653,1.3607176542282104,0.35185664892196655,1.8411052227020264,-1.102131962776184,0.6277765,0.6158593
79,-6.769189357757568,3.577662944793701,3.128584384918213,-6.127904415130615,5.912762641906738,4.519043922424316,2.756904363632202,2.901249885559082,-2.8904664516448975,0.8411233425140381,6.608720779418945,-3.628965139389038,-6.5793352127075195,2.7820546627044678,4.117386341094971,2.1781187057495117,-0.5816836953163147,-1.1278148889541626,0.5571148991584778,2.703197956085205,-4.140925884246826,5.689521789550781,-3.488945484161377,-1.7262341976165771,4.870440483093262,-6.724022388458252,-3.7009363174438477,-2.4857044219970703,-3.9524900913238525,2.7018167972564697,0.2747381329536438,-6.0894317626953125,2.2809484004974365,7.321761608123779,-2.6867730617523193,-5.24676513671875,-2.2799625396728516,0.3660738170146942,-0.7634165287017822,-0.34103623032569885,-0.6169823408126831,1.360696792602539,0.35185763239860535,1.8410857915878296,-1.1021236181259155,0.6277765,0.6158593
80,-6.769209384918213,3.5777289867401123,3.128872871398926,-6.128193378448486,5.912795543670654,4.519202709197998,2.7569375038146973,2.901272773742676,-2.8905303478240967,0.8411493301391602,6.608821868896484,-3.629079580307007,-6.579398155212402,2.7821054458618164,4.117425918579102,2.178115129470825,-0.5840344429016113,-1.1279475688934326,0.5571193099021912,2.7033908367156982,-4.140998363494873,5.689548492431641,-3.488992214202881,-1.7263623476028442,4.870584487915039,-6.72409200668335,-3.701079845428467,-2.4857590198516846,-3.952524423599243,2.7018609046936035,0.274689644575119,-6.089517593383789,2.2810726165771484,7.321918964385986,-2.6868174076080322,-5.246793746948242,-2.279978036880493,0.3687790334224701,-0.7634262442588806,-0.3410310745239258,-0.6169878244400024,1.3606669902801514,0.3518485426902771,1.841068148612976,-1.102115511894226,0.6277765,0.61616784
81,-6.769224643707275,3.577798843383789,3.1291539669036865,-6.128463268280029,5.91282320022583,4.519343852996826,2.7569665908813477,2.901285171508789,-2.8905487060546875,0.8411635160446167,6.608898639678955,-3.629215717315674,-6.579417705535889,2.7821359634399414,4.117475986480713,2.1780965328216553,-0.586371898651123,-1.1280597448349,0.5571280717849731,2.703577995300293,-4.141046047210693,5.689602375030518,-3.4890546798706055,-1.7264683246612549,4.870713233947754,-6.724181652069092,-3.7011992931365967,-2.4858009815216064,-3.952526569366455,2.701906681060791,0.2746565639972687,-6.089584827423096,2.281172037124634,7.322024345397949,-2.6868605613708496,-5.246813774108887,-2.280020236968994,0.3714121878147125,-0.7634245753288269,-0.3410278856754303,-0.6169891953468323,1.360634684562683,0.3518301248550415,1.8410502672195435,-1.1021084785461426,0.6277516,0.61616784
82,-6.769203186035156,3.5778589248657227,3.129399061203003,-6.128689765930176,5.912837982177734,4.51947546005249,2.756981611251831,2.901272773742676,-2.890578269958496,0.8411701321601868,6.60894775390625,-3.6293420791625977,-6.579434394836426,2.782160520553589,4.11752986907959,2.178088903427124,-0.5886967182159424,-1.1281627416610718,0.5571351647377014,2.703742504119873,-4.141068458557129,5.689630031585693,-3.489078998565674,-1.726561188697815,4.8708295822143555,-6.7242326736450195,-3.701321840286255,-2.485858201980591,-3.9525320529937744,2.7019379138946533,0.2746278643608093,-6.089626789093018,2.2812719345092773,7.322091102600098,-2.686896800994873,-5.246862888336182,-2.280026435852051,0.3739742934703827,-0.7634273767471313,-0.34102168679237366,-0.6169903874397278,1.3605999946594238,0.35182446241378784,1.841034173965454,-1.102101445198059,0.6277516,0.61616784
83,-6.76918363571167,3.577913761138916,3.1296331882476807,-6.128894329071045,5.9128570556640625,4.519596099853516,2.75700306892395,2.9012579917907715,-2.8906028270721436,0.8411756753921509,6.609006881713867,-3.6294705867767334,-6.5794782638549805,2.782200336456299,4.117576599121094,2.1780738830566406,-0.5910091996192932,-1.1282544136047363,0.5571332573890686,2.7038991451263428,-4.141111850738525,5.689669132232666,-3.4891107082366943,-1.726647138595581,4.870935440063477,-6.724271774291992,-3.7014307975769043,-2.485891819000244,-3.9525415897369385,2.701951026916504,0.2745937705039978,-6.089646816253662,2.281362533569336,7.322173118591309,-2.686940908432007,-5.24689245223999,-2.2800405025482178,0.3764677941799164,-0.7634271383285522,-0.3410123586654663,-0.6169880628585815,1.360568642616272,0.3518221378326416,1.841019868850708,-1.102096438407898,0.6277516,0.61616784
84,-6.769190788269043,3.5779645442962646,3.1298744678497314,-6.129124164581299,5.912886619567871,4.519719123840332,2.7570290565490723,2.901285171508789,-2.890634775161743,0.8411912322044373,6.609060287475586,-3.6295690536499023,-6.579542636871338,2.782233715057373,4.117595672607422,2.178055763244629,-0.5933092832565308,-1.1283272504806519,0.5571380257606506,2.7040300369262695,-4.141168594360352,5.689685344696045,-3.4891507625579834,-1.726736307144165,4.871036052703857,-6.724295616149902,-3.7015206813812256,-2.485915422439575,-3.952576160430908,2.7019991874694824,0.2745648920536041,-6.0897016525268555,2.281445026397705,7.322258949279785,-2.686964511871338,-5.2469162940979,-2.280062437057495,0.37889474630355835,-0.7634294033050537,-0.3410045802593231,-0.6169818639755249,1.3605291843414307,0.3518182039260864,1.8410038948059082,-1.102090835571289,0.6277516,0.61616784
85,-6.769199371337891,3.5779995918273926,3.130077838897705,-6.129344940185547,5.912941932678223,4.51981782913208,2.7570550441741943,2.9013161659240723,-2.890653371810913,0.8412047624588013,6.609110355377197,-3.629673719406128,-6.579606056213379,2.782273292541504,4.117626190185547,2.17803955078125,-0.5955962538719177,-1.1284044981002808,0.5571359992027283,2.7041635513305664,-4.141205310821533,5.689700126647949,-3.4891881942749023,-1.7268208265304565,4.871153354644775,-6.724351406097412,-3.7016165256500244,-2.48594331741333,-3.952575445175171,2.7020328044891357,0.2745448052883148,-6.089747428894043,2.2815139293670654,7.322344779968262,-2.686969518661499,-5.246975898742676,-2.2800915241241455,0.3812567889690399,-0.7634304761886597,-0.3409988582134247,-0.6169834733009338,1.3605010509490967,0.35181453824043274,1.8409883975982666,-1.1020839214324951,0.6277516,0.61616784
86,-6.769189834594727,3.5780417919158936,3.1302590370178223,-6.129518032073975,5.91300106048584,4.519882678985596,2.757071018218994,2.901333808898926,-2.8906679153442383,0.8412188291549683,6.609139442443848,-3.629765748977661,-6.579635143280029,2.7822868824005127,4.117661952972412,2.178032636642456,-0.5978714227676392,-1.1284725666046143,0.5571412444114685,2.7042787075042725,-4.1412200927734375,5.689686298370361,-3.4892160892486572,-1.7268847227096558,4.871223449707031,-6.724425315856934,-3.7017030715942383,-2.485974073410034,-3.9525718688964844,2.7020490169525146,0.2745188772678375,-6.089771747589111,2.281568765640259,7.322460174560547,-2.687001943588257,-5.247030735015869,-2.28011155128479,0.3835562467575073,-0.7634257078170776,-0.3409930169582367,-0.6169840097427368,1.3604696989059448,0.3518076241016388,1.8409738540649414,-1.1020771265029907,0.6277516,0.61616784
87,-6.7691969871521,3.578089475631714,3.130432367324829,-6.129682540893555,5.9130425453186035,4.519959449768066,2.757080078125,2.9013516902923584,-2.890695333480835,0.8412355780601501,6.609179973602295,-3.6298301219940186,-6.57965087890625,2.7822980880737305,4.117680549621582,2.1780059337615967,-0.600135087966919,-1.1285314559936523,0.557144820690155,2.7043964862823486,-4.141229629516602,5.6896796226501465,-3.489236354827881,-1.7269511222839355,4.871291160583496,-6.724489212036133,-3.7017831802368164,-2.485980272293091,-3.9525930881500244,2.7020761966705322,0.27448296546936035,-6.089785575866699,2.281641721725464,7.322544097900391,-2.687021255493164,-5.247063636779785,-2.280129909515381,0.3857943117618561,-0.7634224891662598,-0.3409871757030487,-0.6169856786727905,1.360432505607605,0.3518016040325165,1.8409603834152222,-1.102071762084961,0.6277516,0.61616784
88,-6.769185543060303,3.578122854232788,3.1305787563323975,-6.12980842590332,5.913076877593994,4.520035266876221,2.7570974826812744,2.901360273361206,-2.890712022781372,0.8412415385246277,6.609229564666748,-3.6298935413360596,-6.579676151275635,2.7822976112365723,4.117697715759277,2.177999258041382,-0.6023871898651123,-1.1285879611968994,0.5571527481079102,2.704498291015625,-4.14124059677124,5.689661502838135,-3.489248752593994,-1.727014422416687,4.871382236480713,-6.724541187286377,-3.7018685340881348,-2.4859986305236816,-3.952608823776245,2.7020931243896484,0.27444809675216675,-6.089792251586914,2.281710386276245,7.322606086730957,-2.687039852142334,-5.247114181518555,-2.2801246643066406,0.3879722058773041,-0.763423502445221,-0.3409813642501831,-0.6169872283935547,1.3603935241699219,0.35178300738334656,1.8409479856491089,-1.1020654439926147,0.6277516,0.61616784
89,-6.769197940826416,3.578167676925659,3.1307215690612793,-6.129930019378662,5.913111209869385,4.52011251449585,2.7570981979370117,2.901355266571045,-2.8907101154327393,0.8412462472915649,6.609274387359619,-3.629960298538208,-6.579710960388184,2.7823266983032227,4.1176910400390625,2.1779792308807373,-0.604628324508667,-1.1286399364471436,0.557165265083313,2.704589366912842,-4.141244888305664,5.6896843910217285,-3.4892799854278564,-1.7270749807357788,4.871461868286133,-6.724590301513672,-3.7019238471984863,-2.486010789871216,-3.9526116847991943,2.7021143436431885,0.27441397309303284,-6.089809894561768,2.2817611694335938,7.322661399841309,-2.6870675086975098,-5.247152805328369,-2.280117988586426,0.3900919556617737,-0.7634249329566956,-0.34096893668174744,-0.6169841885566711,1.360358715057373,0.35177040100097656,1.8409353494644165,-1.1020616292953491,0.6277516,0.61616784
90,-6.769205570220947,3.578211545944214,3.1308443546295166,-6.130051136016846,5.913129806518555,4.52015495300293,2.757128953933716,2.9013352394104004,-2.890709638595581,0.8412414193153381,6.609350204467773,-3.6300084590911865,-6.579726219177246,2.7823293209075928,4.117706298828125,2.1779704093933105,-0.6068576574325562,-1.1286855936050415,0.557161271572113,2.704674005508423,-4.1412434577941895,5.689714431762695,-3.489312171936035,-1.727132797241211,4.871509552001953,-6.724616527557373,-3.702003002166748,-2.4860262870788574,-3.9526264667510986,2.702134370803833,0.2743860185146332,-6.089823246002197,2.2818286418914795,7.322694778442383,-2.6870813369750977,-5.247185230255127,-2.280133008956909,0.39215531945228577,-0.763422429561615,-0.3409601151943207,-0.6169759035110474,1.360334038734436,0.35176098346710205,1.8409260511398315,-1.1020547151565552,0.6277516,0.61616784
91,-6.7692179679870605,3.5782470703125,3.1309540271759033,-6.1301798820495605,5.913147449493408,4.520205020904541,2.757169723510742,2.901344060897827,-2.890723466873169,0.8412343859672546,6.609381675720215,-3.630058526992798,-6.579749584197998,2.7823383808135986,4.1177077293396,2.177962303161621,-0.6090753674507141,-1.1287307739257812,0.5571589469909668,2.704747438430786,-4.141210556030273,5.689718723297119,-3.489326000213623,-1.7271544933319092,4.8715500831604,-6.724603176116943,-3.7020812034606934,-2.486030101776123,-3.9526588916778564,2.702158212661743,0.27435800433158875,-6.089840888977051,2.281879186630249,7.322738170623779,-2.6870968341827393,-5.247184753417969,-2.280137538909912,0.3941635489463806,-0.7634228467941284,-0.34095218777656555,-0.6169705390930176,1.360305666923523,0.3517592251300812,1.8409157991409302,-1.1020500659942627,0.6277516,0.61616784
92,-6.769214630126953,3.578275442123413,3.1310839653015137,-6.130321025848389,5.9131574630737305,4.520290374755859,2.757190227508545,2.901350498199463,-2.8907463550567627,0.8412374258041382,6.609393119812012,-3.630126953125,-6.579756259918213,2.782343626022339,4.117715358734131,2.1779532432556152,-0.6112812161445618,-1.1287603378295898,0.5571597218513489,2.704826831817627,-4.141172885894775,5.68971586227417,-3.4893250465393066,-1.727182388305664,4.871580123901367,-6.724603652954102,-3.7021379470825195,-2.4860544204711914,-3.9526560306549072,2.7021615505218506,0.2743358016014099,-6.089873313903809,2.281918525695801,7.322788238525391,-2.687103033065796,-5.247184753417969,-2.280153274536133,0.3961179852485657,-0.7634252905845642,-0.34094884991645813,-0.6169690489768982,1.3602685928344727,0.35176289081573486,1.8409044742584229,-1.1020461320877075,0.6277516,0.61616784
93,-6.769190311431885,3.5782830715179443,3.131206512451172,-6.130423545837402,5.9131622314453125,4.520328044891357,2.7572011947631836,2.9013421535491943,-2.8907437324523926,0.8412434458732605,6.6094207763671875,-3.6301651000976562,-6.5797648429870605,2.7823517322540283,4.117710590362549,2.1779611110687256,-0.6134754419326782,-1.1287996768951416,0.5571653842926025,2.704890251159668,-4.141131401062012,5.689731597900391,-3.4893269538879395,-1.7272117137908936,4.871618747711182,-6.724630355834961,-3.702181816101074,-2.486093044281006,-3.952664375305176,2.702195882797241,0.2743169665336609,-6.089906692504883,2.2819550037384033,7.322834491729736,-2.687121868133545,-5.2471795082092285,-2.280184268951416,0.3980198800563812,-0.7634231448173523,-0.34095120429992676,-0.6169636249542236,1.3602381944656372,0.35174769163131714,1.8408937454223633,-1.102041482925415,0.6277516,0.61616784
94,-6.769181728363037,3.5783140659332275,3.131324052810669,-6.130526065826416,5.913150310516357,4.520382404327393,2.7572011947631836,2.901357650756836,-2.8907501697540283,0.8412407040596008,6.609460353851318,-3.6302168369293213,-6.579773902893066,2.7823572158813477,4.1177144050598145,2.177945852279663,-0.6156587600708008,-1.1288321018218994,0.5571604371070862,2.704956531524658,-4.141088485717773,5.689742565155029,-3.489311695098877,-1.7272306680679321,4.871653079986572,-6.724627494812012,-3.702247381210327,-2.486126661300659,-3.952672243118286,2.702219009399414,0.2743009924888611,-6.0899763107299805,2.281994104385376,7.322864055633545,-2.6871225833892822,-5.2471771240234375,-2.2801926136016846,0.3998701870441437,-0.7634246945381165,-0.3409520387649536,-0.6169670224189758,1.360206127166748,0.3517371416091919,1.8408838510513306,-1.1020365953445435,0.6277516,0.61616784
95,-6.769134044647217,3.578320026397705,3.131413459777832,-6.130585670471191,5.913161277770996,4.520427227020264,2.7572073936462402,2.9013497829437256,-2.8907470703125,0.8412322998046875,6.60949182510376,-3.6302719116210938,-6.5798020362854,2.782355308532715,4.117711544036865,2.177922487258911,-0.6178309917449951,-1.1288591623306274,0.5571554899215698,2.7050256729125977,-4.141035079956055,5.689746379852295,-3.4893252849578857,-1.7272512912750244,4.871703147888184,-6.7246413230896,-3.7022764682769775,-2.486157178878784,-3.952676296234131,2.7022600173950195,0.2742840349674225,-6.09000825881958,2.2820324897766113,7.322911262512207,-2.687143564224243,-5.24715518951416,-2.280198335647583,0.4016708731651306,-0.7634347677230835,-0.34095263481140137,-0.6169691681861877,1.3601773977279663,0.35171616077423096,1.8408746719360352,-1.1020333766937256,0.6277516,0.61616784
96,-6.769093036651611,3.5783395767211914,3.1315042972564697,-6.130644798278809,5.91317081451416,4.5204668045043945,2.757211923599243,2.901366710662842,-2.8907570838928223,0.8412333726882935,6.609504222869873,-3.630309820175171,-6.5798163414001465,2.7823452949523926,4.117681980133057,2.177894115447998,-0.6199930310249329,-1.128876805305481,0.5571622252464294,2.7050881385803223,-4.140994071960449,5.689744472503662,-3.489335536956787,-1.7272753715515137,4.871748447418213,-6.724664688110352,-3.7023088932037354,-2.4861650466918945,-3.952702045440674,2.7022745609283447,0.2742675542831421,-6.090023040771484,2.2820756435394287,7.322936058044434,-2.6871352195739746,-5.247133731842041,-2.280182123184204,0.4034235179424286,-0.7634360194206238,-0.34095531702041626,-0.6169641613960266,1.360142469406128,0.3517032861709595,1.8408643007278442,-1.1020313501358032,0.6277516,0.61616784
97,-6.769046306610107,3.578378677368164,3.1315841674804688,-6.130748748779297,5.913196563720703,4.520486831665039,2.7572219371795654,2.901374101638794,-2.8907644748687744,0.8412224650382996,6.6095290184021,-3.6303536891937256,-6.579808712005615,2.782334327697754,4.117664337158203,2.177868127822876,-0.6221449971199036,-1.1288878917694092,0.5571730732917786,2.705146074295044,-4.140945911407471,5.6897292137146,-3.4893484115600586,-1.7272900342941284,4.871789455413818,-6.724684238433838,-3.702342987060547,-2.4861607551574707,-3.9526991844177246,2.7022948265075684,0.2742499113082886,-6.090050220489502,2.282108783721924,7.322950839996338,-2.6871421337127686,-5.24712610244751,-2.280179977416992,0.405129075050354,-0.7634373903274536,-0.3409607410430908,-0.6169613003730774,1.3601024150848389,0.3516947031021118,1.8408535718917847,-1.102027416229248,0.6277516,0.61616784
98,-6.769018173217773,3.5783891677856445,3.1316606998443604,-6.130805969238281,5.913214683532715,4.520495414733887,2.75722599029541,2.9013612270355225,-2.890756368637085,0.8412184715270996,6.609574317932129,-3.6303722858428955,-6.579834461212158,2.7823235988616943,4.117669582366943,2.1778364181518555,-0.6242870092391968,-1.1289054155349731,0.557174801826477,2.7051889896392822,-4.140896320343018,5.689708709716797,-3.489339828491211,-1.7273157835006714,4.8718132972717285,-6.724679946899414,-3.7023842334747314,-2.486176013946533,-3.952695846557617,2.7022998332977295,0.2742387354373932,-6.090056896209717,2.282139539718628,7.3229570388793945,-2.687147378921509,-5.247135162353516,-2.2801573276519775,0.4067888557910919,-0.7634406685829163,-0.3409635126590729,-0.6169552803039551,1.3600715398788452,0.35169103741645813,1.8408458232879639,-1.1020243167877197,0.6277516,0.61616784
99,-6.768979072570801,3.578399896621704,3.1317129135131836,-6.130832672119141,5.9132513999938965,4.520493984222412,2.7572269439697266,2.901345729827881,-2.8907389640808105,0.8412022590637207,6.609595775604248,-3.6303775310516357,-6.579857349395752,2.782315492630005,4.117679119110107,2.1778078079223633,-0.6264187097549438,-1.1289221048355103,0.557173490524292,2.70522141456604,-4.140859127044678,5.689713954925537,-3.4893410205841064,-1.7273352146148682,4.87184476852417,-6.72469425201416,-3.7024271488189697,-2.4861903190612793,-3.952718496322632,2.7023162841796875,0.2742229998111725,-6.090031623840332,2.282170295715332,7.322969913482666,-2.687164783477783,-5.2471466064453125,-2.2801647186279297,0.4084039330482483,-0.763438880443573,-0.3409624695777893,-0.616950273513794,1.3600378036499023,0.3516831696033478,1.840838074684143,-1.1020201444625854,0.6277516,0.61616784
100,-6.768947601318359,3.578411102294922,3.1317832469940186,-6.130865573883057,5.9132585525512695,4.520498752593994,2.7572360038757324,2.9013285636901855,-2.8907277584075928,0.8411822319030762,6.609651565551758,-3.6303675174713135,-6.579912185668945,2.7823128700256348,4.11768913269043,2.1777901649475098,-0.6285406947135925,-1.1289304494857788,0.5571733713150024,2.705246925354004,-4.140834331512451,5.689730644226074,-3.489353656768799,-1.727354884147644,4.8718671798706055,-6.724722385406494,-3.702460765838623,-2.4862098693847656,-3.9527342319488525,2.7023239135742188,0.2742029130458832,-6.090034008026123,2.2822036743164062,7.323034286499023,-2.6871681213378906,-5.247148036956787,-2.280181646347046,0.40997549891471863,-0.7634380459785461,-0.3409624397754669,-0.6169449687004089,1.360003113746643,0.3516737222671509,1.8408300876617432,-1.1020163297653198,0.6277516,0.61616784
